"id","liking","sweetness","sour","intensity","Soluble solids","TA","firmness","citric","fructose","glucose","sucrose","Isovaleraldehyde","1-Penten-3-ol","2-Pentanone","Valeraldehyde","Ethyl propionate","Methyl butyrate","3-Methylbutanol","2-Pentenal","1-Pentanol","2-Penten-1-ol","Methyl isovalerate","Hexanal","2-Hexen-1-al","2-Hexen-1-ol","1-Hexanol","Isoamyl acetate","2-Heptanone","Heptanal","Prenyl acetate","Methyl hexanoate","Alpha pinene","6-Methyl-2-heptanone","Hexanoic acid","6-Methyl-5-hepten-2-one","2-Octanone","Ethyl hexanoate","3-Hexenyl-acetate","Hexyl acetate","2-Hexenyl-acetate","2-Ethyl-1-hexanol","Limonene","Eucalyptol","Phenylacetaldehyde","2-Nonanone","Linalool","Nonanal","Hexyl butyrate","2-Hexenyl-butyrate","Dodecane","Methyl salicylate","Neral","Geranial","2-Undecanone","Tridecane","Nerylacetone","(E)-geranyl-acetone","Caryophyllene","Myrtenal"
"2012_Emerald",19.52,20.42068966,19.70344828,26.01517241,10,0.7965,24.93975,579.1375,39.27,42.42,0.25,1.36,7.96,4.81,5.63,0,0.22,0.2,4.71,1.2,2.15,0.33,1026.22,4026.08,466.92,204.08,0,0.92,0.75,0,0.17,0,0.79,0.61,2.61,0.23,0.65,0,1.73,4.38,0,0.14,0.4,0.25,0.77,16.9,0.61,0.5,1.09,0.17,1.06,0.51,1.04,0.51,0.16,0.08,3.24,2.29,0
"2012_Emerald",15.76857143,16.56,24.89428571,26.19142857,9.4,0.9849,24.93975,579.1375,36.82,36.28,0.27,1.11,7.82,4.85,5.21,0.02,0.2,0.15,3.72,0.92,1.56,0.53,1010.98,3950.6,489.97,183.5,0,0.42,0.94,0,0.06,0,0.75,0.67,1.87,0.06,3.48,0,2.09,5.78,0,0.32,0.7,0.52,0.91,33.22,1.25,0.22,0.82,0.43,1.28,0,0.82,0.46,0.13,0,2.16,2.8,0
"2012_Emerald",23.0963365,22.32700136,10.46540027,24.91587517,10.4,0.511,24.93975,579.1375,48.74,49.39,0.13,1.05,7.2,3.79,4.79,0,0.11,0.33,4.46,0.94,1.92,0.09,1196.56,4345.51,355.57,190.77,0,0.72,0.9,0,0.08,0,0.32,0.42,2.42,0.01,1.54,0,4.27,0,0,0.79,1.87,0.13,0.5,36.42,0.74,0.21,0.71,0.42,1.42,0.7,1.63,0.38,0.11,0,2.32,1.78,0
"2012_Emerald",21.89173789,20.67094017,17.55413105,24.29344729,11.3,0.727,24.93975,579.1375,52.42,49.62,0.37,1.29,5.84,1.99,4.88,0.15,0.09,0.17,5,0.78,1.36,0.21,907.58,3524.46,283.33,146.06,0,0.5,0.87,0,0.11,0.03,1.15,0.66,2.05,0.09,0.6,0,1.41,3.18,0,0.56,0.32,0.09,0.47,20.82,0.77,0.07,0.46,0.12,1.09,0.21,0.73,0.27,0.06,0,1.99,1.33,0
"2012_Emerald",16.37935844,17.89260809,25.46304045,26.49930265,9.7,0.8421,24.93975,579.1375,39.25,40.33,0.49,1.01,5.39,0.25,5.45,0,0.14,0.1,4.3,1.32,1.29,0.07,1131.3,4041.92,342.79,147.25,0.23,1.65,1.05,0,0,0,0.01,0.35,1.7,0.04,0.92,0,0,3.94,0,0.27,0.6,0.09,0.58,29.02,1.09,0.21,0.69,0.34,1.01,0.49,0.63,0.45,0.07,0.06,2.43,2.06,0
"2012_Emerald",19.14830508,20.08474576,13.72175141,22.23728814,10.6,0.3992,24.93975,579.1375,48.12,49.15,0.22,0.77,5.06,3.69,5.95,0,0.08,0.2,3.54,2.39,1.27,0.15,1166,3426.35,172.85,121.11,0,1.51,0.75,0,0.05,0,0.36,0.23,1.76,0,0.64,0,0,1.55,0,0.37,0.72,0.05,0.24,18.33,0.03,0.04,0.18,0.31,0.29,0.4,0.72,0.27,0.05,0.08,1.77,1.17,0
"2012_Emerald",23.10732538,24.72913118,17.28960818,27.25042589,11.7,0.5682,24.93975,579.1375,55.69,56.95,0.31,0.76,4.88,0,4.02,0,0.05,0.17,4.23,0.83,1.19,0.02,896.3,3156.01,199.62,111.65,0.07,0.2,0.63,0,0,0,0.06,0.2,1.75,0.07,1.01,0,0,3.17,0,0.47,0.13,0.07,0.44,22.53,0.32,0.19,0.53,0.16,1.68,0.24,0.58,0.29,0.06,0,1.51,1.51,0
"2012_Emerald",17.60185185,17.16358025,17.24228395,21.87037037,9.2,0.6697,24.93975,579.1375,28.84,31.48,0.34,0.84,5.22,0.46,5.28,0,0.14,0.25,5.01,1.18,1.21,0.99,1432.62,4530.73,399.6,190.58,0.06,0,0.91,0,0,0,0.13,0.93,1.79,0,1,0,0,4.53,0,0.52,0.75,0.12,0.45,29.24,0.78,0.29,0.95,0.31,2.21,0.53,1.02,0.47,0.08,0,2.13,1.91,0
"2012_Emerald",23.60729927,22.73284672,14.38686131,24.99270073,11,0.3308,24.93975,579.1375,49.88,47.04,0.17,0.54,5.16,0.2,5.29,0,0.07,0.3,3.9,1.19,1.21,0.69,1432.94,3513.2,256.41,171.7,0.01,0.73,0.82,0,0.05,0,0.82,0.4,1.97,0.24,1.43,0,3.81,0,0,1.24,1.17,0.08,0.64,28.21,0.36,0.16,0.38,0.19,1.11,0.62,1.33,0.38,0.12,0,1.65,1.3,0
"2012_Endura",17.16827586,19.08,24.60137931,27.9462069,10.5,0.7047,24.93975,579.1375,43.35,43.45,1.23,0.89,6.51,0.14,3.58,0,0.31,0.31,3.84,0.61,1.92,6.64,839.12,4668.91,245.53,173.96,0,0.8,0.55,0.23,0.1,0,1.45,0.97,2.71,0.37,1.28,0,6.25,9.28,0.13,4.04,3.18,0.37,3.31,13.95,0.66,0.65,1.84,0.19,0.23,0.41,0.91,1.08,0.18,0.22,3.99,3.62,0
"2012_Endura",14.69571429,17.99285714,25.50571429,25.79428571,9.2,0.8747,24.93975,579.1375,35.86,35.54,0.65,1.01,7.29,7.1,4.2,0,0.33,0.21,3.27,0.74,1.77,5.61,953.13,5203.29,220.25,180.68,0,0.45,0.49,0.31,0.17,0,1.22,0.63,1.82,0,3.85,0,8.07,12.15,0,0.92,2.1,0.25,2.96,9.38,0.17,0.44,1.41,0.16,0.26,0,0.81,1.06,0.14,0,3.46,5.01,0
"2012_Endura",16.58616011,18.89959294,23.10854817,27.65400271,10.5,0.6199,24.93975,579.1375,47.79,46.49,0.19,1.4,8.31,3.56,4.32,0,0.43,0.55,3.73,0.7,2.32,8.7,907.13,5165.84,401.18,254.44,0,1.35,0.53,0.22,0.26,0.05,0.43,0.33,2.54,0.16,1.42,0,10.75,20.05,0,4.94,10.63,0.42,4.79,16.18,0.69,0.18,3.38,0.05,0.38,0.61,1.94,1.39,0.11,0.14,3.3,5.46,0
"2012_Endura",19.10541311,19.72364672,20.58547009,26.12535613,10.7,0.6394,24.93975,579.1375,48.95,44.98,0.55,1.07,5.04,4.64,2.27,0.11,0.43,0.23,3.05,0.6,1.36,11.86,751.25,3958.72,189.72,121.01,0,0.73,0.77,0.19,0.08,0.08,1.99,0.77,2.49,0.24,1.65,0,4.53,9.55,0,5.6,3.16,0.27,2.69,16.31,0.99,0.35,1.25,0.33,0.57,0,0.72,0.8,0.08,0.14,3.88,3.34,0
"2012_Endura",26.48535565,26.20223152,21.50488145,30.9637378,11.6,0.6036,24.93975,579.1375,53.14,52.08,0.3,1.03,7.83,0.71,4.99,0.19,0.24,0.26,4.09,0.52,1.99,8.09,1066.75,5767.6,156.04,138.07,0,1.88,0.6,0.33,0,0.02,0.37,0.54,2.03,0.01,1.72,0,5.76,8.37,0,4.36,4.34,0.16,2.6,15.14,0.42,0.35,0.93,0.23,0.25,0.53,0.98,0.92,0.05,0.15,3.09,4.9,0
"2012_Endura",12.37853107,17.44491525,19.63841808,22.58474576,9.8,0.5402,24.93975,579.1375,43.35,42.11,0.17,1.14,7.93,2.58,6.5,0.24,0.55,0.53,3.68,2.69,2.14,5.69,1014.14,4856.85,360.71,228.86,0,2.33,0.53,0.22,0.24,0.02,1.05,0.53,2.22,0.04,1.07,0,8.78,15.84,0,5.19,8.72,0.17,4.13,15.27,0.44,0.62,2.45,0.4,0.25,0.75,1.54,1.19,0.05,0.21,3.99,4.98,0
"2012_Endura",18.88586031,22.08517888,26.31516184,30.42078365,10.8,0.711,24.93975,579.1375,42.76,42.47,0.99,0.81,5.61,0.74,4.01,0,0.3,0.32,3.18,1.52,1.64,7,852.17,4313.24,192.26,133.5,0.11,0.62,0.52,0.18,0.13,0.02,0.39,0.43,2.33,0.18,2.8,0,5.46,10.53,0,8.77,3.64,0.18,2.83,15.3,0.69,0.41,1.27,0.28,0.3,0.26,0.72,0.84,0.11,0,3.74,4.03,0
"2012_Endura",19.04938272,19.3595679,15.92746914,22.51851852,10.9,0.4415,24.93975,579.1375,43.13,42.47,0.83,0.75,4.99,0.55,3.65,0.05,0.5,0.18,3.15,1.09,1.22,16.21,1271.33,4813.79,109.55,136.44,0,0,0.53,0.25,0.03,0,0.16,0.89,1.71,0.06,1.36,0,3.88,4.25,0,3.19,1.75,0.1,2.01,12.09,0.48,0.25,0.83,0.09,0.85,0.35,0.81,0.66,0.06,0.13,2.55,3.54,0
"2012_Endura",20.97080292,22.80729927,17.08029197,26.76058394,10,0.3045,24.93975,579.1375,43.71,36.16,0.3,0.81,5.03,0.24,3.91,0.15,0.37,0.48,3.29,0.8,1.25,20.01,1280.59,4634.24,150.1,163.51,0,0.65,0.6,0,0.31,0.01,1.05,0.49,2.41,0.17,1.75,0,4,2.63,0,8,5.56,0.14,3.27,13.79,0.82,0.44,0.99,0.06,0.38,0.5,1.17,0.74,0.04,0.1,2.82,2.68,0
"2012_Farthing",21.36413793,20.05517241,19.18206897,26.43448276,10.5,0.9518,24.93975,579.1375,40.69,41.82,3.1,1.63,6.72,0.1,4.54,0,0.1,0.41,3.58,1.09,1.8,3.59,711.31,3339,330.34,114.56,0,3.16,0.56,0.66,0,0,0.56,0.51,2.08,0.3,0.12,0,5.66,14.32,0,0.33,3.29,0.41,0.59,6.61,0.38,0.49,1.53,0.13,0.38,0.41,0.56,0.16,0.07,0.04,0.94,1.85,0
"2012_Farthing",23.95285714,22.59857143,9.73,22.07571429,10,0.2276,24.93975,579.1375,31.71,32.95,1.01,2.74,2.6,0,3.44,0,0.14,0.3,1.91,0.62,0.51,26.81,844.43,2110.61,282.18,109.06,0,0.13,0.35,0.32,0.09,0,0.98,0.56,1.68,0.06,0.51,0,2.87,8.15,0,0.15,0.45,0.48,0.28,9.26,0.38,0.2,0.92,0.23,0.23,0,0.33,0.06,0.09,0,0.38,1.25,0
"2012_Farthing",23.25237449,23.51153324,11.6797829,26.32700136,10.6,0.3064,24.93975,579.1375,51.31,51.66,0.18,0.82,5.27,21.69,4.53,0,0.13,0.59,3.05,0.87,1.21,7.65,1058.29,3146.05,358.01,166.66,0,1.61,0.35,0.28,0.05,0,0.07,0.37,1.53,0,0.04,0,1.92,5.78,0,0.43,3.29,0.07,0.32,10.86,0.26,0.29,1.41,0.01,0.11,0.39,0.52,0.11,0.05,0,0.66,2.08,0
"2012_Farthing",15.25641026,18.28774929,27.84045584,27.16809117,11.2,0.8613,24.93975,579.1375,48.91,45.96,1.98,1.87,5.18,2.52,3.99,0.22,0.09,0.59,3.18,0.65,1.19,10.66,691.76,2959,319.16,115.3,0,2.35,0.68,0.53,0,0.05,1.07,0.95,1.64,0.08,0.4,0,4.64,16.48,0,1.04,4.31,0.21,0.64,11.63,0.9,0.31,1.15,0.19,0.44,0.85,0.46,0.1,0.07,0,0.79,1.69,0
"2012_Farthing",18.59414226,21.52719665,10.041841,22.14225941,10.4,0.2108,24.93975,579.1375,42.22,43.6,1.89,2.52,2.17,0,3.01,0,0.11,0.25,1.67,0.65,0.51,35.01,635.78,1778.24,196.21,81.24,0,1.74,0.31,0.22,0,0,0.36,0.35,2.32,0.02,0.26,0,1.73,4.39,0,0.55,0.62,0.28,0.31,11.05,0.25,0.14,0.49,0.32,0.11,0.16,0.16,0.09,0.03,0.05,1.34,1.12,0
"2012_Farthing",25.5720339,26.39830508,10.34463277,26.70338983,10.8,0.3365,24.93975,579.1375,48.94,47.94,0.19,0.83,5.86,6.08,7.55,0.01,0.13,0.47,3.95,1.93,1.36,7.13,1475.54,4031.57,273.87,143.28,0,3.02,0.79,0.35,0.07,0,0.65,0.5,1.76,0.47,0.43,0,2.48,6.55,0.01,0.48,4.14,0.07,0.57,8.87,0.61,0.13,1.09,0.62,0.36,0.64,0.91,0.1,0.11,0.03,0.33,1.85,0
"2012_Farthing",17.120954,19.65247019,28.02555366,28.39182283,10.9,0.7572,24.93975,579.1375,46.49,45.99,2.2,1.63,5.17,0.27,4.19,0,0.07,0.21,3.34,0.48,1.29,4.25,944.94,3306.15,186.98,85.96,0.08,1.72,0.63,0.42,0,0,0.18,0.56,1.52,0.12,0.59,0,2.1,5.78,0,0.89,3.54,0.12,0.43,11.83,0.45,0.21,0.7,0.1,0.46,0.29,0.48,0.11,0.02,0,0.55,2.06,0
"2012_Farthing",19.15895062,17.37808642,6.75154321,17.10339506,9.6,0.19,24.93975,579.1375,45.08,39.68,1.21,2.08,1.53,0,3.1,0,0.11,0.23,1.67,0.56,0.37,38.06,523.33,1465.78,159.61,71.6,2.11,0.02,0.24,0,0.31,0,0.28,0.75,1.53,0,0.18,0,0.76,2.02,0,0.17,0.61,0.14,0.21,7.97,0.24,0.14,0.32,0.1,0.14,0,0.16,0,0.02,0,0.24,0.8,0
"2012_Farthing",20.54014599,21.02481752,10.40291971,22.46861314,10.8,0.2249,24.93975,579.1375,47.74,44.09,0.16,0.77,4.41,1.07,5.8,0,0.12,0.32,3.29,0.94,0.99,19.93,1326.75,3186.12,203.03,137.28,0,1.39,0.66,0.29,0,0,0.68,0.3,1.99,0.36,0.42,0,1.31,3.18,0,1.02,3.86,0.1,0.64,10.4,0.56,0.23,0.77,0.16,0.49,0.47,0.66,0.1,0.12,0,0.6,2.1,0
"2012_Meadowlark",18.80965517,19.91310345,13.25931034,22.43586207,8.6,0.449,24.93975,579.1375,35.79,39.86,1.5,0.96,6.93,4.58,4.53,0,0.14,0.17,2.08,1.2,1.95,16.09,1679.1,4640.65,455.63,303.32,0,3.82,0.68,0,0.04,0.02,1.07,0.82,15.31,0.25,2.01,0,4.55,0,0,1.03,1.06,0.11,1.77,12.72,0.5,0.61,1.78,0.09,0.29,0.3,0.1,1.23,0.13,0.49,18.68,7.07,0
"2012_Meadowlark",17.44142857,17.78428571,20.49857143,22.81,8.2,0.6949,24.93975,579.1375,48.55,42.85,1.25,0.82,5.82,0.45,4.67,0,0.11,0.06,1.5,0.99,1.43,9.19,1226.64,4095.55,301.9,147.01,0,0.7,0.58,0,0,0,4.09,0.73,6.49,0,0.37,0,0.68,1.29,0,0.58,0,0.08,0.87,6.47,0.35,0.22,0.74,0.06,0.17,0,0.05,0.7,0.01,0,9.52,4.64,0
"2012_Meadowlark",21.56445047,21.40569878,11.35549525,24.1641791,9.2,0.2631,24.93975,579.1375,42.57,45.11,0.12,0.85,5.25,5.87,4.2,0,0.2,0.24,2.12,1.23,1.52,43.87,1380.1,4123.45,390.25,245.92,0,2.62,0.49,0,0.09,0,0.46,0.33,12.18,0.15,3,0,6.63,0,0,4.22,1.26,0.2,1.62,21.46,0.25,0.18,0.46,0.25,0,0.18,0.03,0.85,0.09,0.42,14.76,4.74,0
"2012_Meadowlark",21.51709402,22.93874644,11.34188034,23.76638177,9.9,0.3687,24.93975,579.1375,44.44,43.52,2.19,1.04,5.26,2.97,4.5,0.2,0.13,0.08,2.22,0.98,1.33,35.85,1310.42,3943.53,266.34,215.23,0,4.43,0.72,0,0.12,0.08,1.95,0.8,10.81,0.26,3.15,0,6.76,0,0,4.59,1.02,0.29,1.54,21.82,0.59,0.29,0.75,0.54,0.35,0.23,0.16,0.76,0.1,0.35,13.37,5.49,0
"2012_Meadowlark",20.90376569,22.17573222,19.0320781,25.21199442,9.4,0.4961,24.93975,579.1375,52.83,47.69,1.48,1.18,5.21,0.17,5.39,0,0.07,0.04,1.8,1.35,1.46,6.57,1408.63,4318.67,200.46,118.98,0,4.21,0.67,0,0,0,1.73,0.39,7.33,0.05,1.49,0,1.14,1.93,0,3.46,0.53,0.12,1.41,16.99,0.44,0.16,0.52,0.37,0.22,0.23,0.02,1.36,0.03,0.28,10.79,5.37,0
"2012_Meadowlark",21.45762712,24.81355932,8.781073446,25.37711864,10,0.2666,24.93975,579.1375,42.9,45.65,0.53,0.94,5.62,3.7,6.55,0,0.21,0.12,2.38,2.41,1.29,29.02,1680.9,4345.35,332.59,223.61,0,5.03,0.77,0,0.27,0.02,1.76,0.59,9.84,0.14,4.24,0,0,6.98,0.06,4.45,1.05,0.21,1.66,17.97,0.51,0.18,0.93,0.62,0.1,0.18,0.08,0.53,0.1,0.4,12.49,5.43,0
"2012_Meadowlark",24.64565588,27.22827939,10.66269165,27.59795571,10.8,0.2393,24.93975,579.1375,49.55,51.26,2.78,0.64,4.66,0.23,2.87,0.23,0.24,0.08,1.64,0.57,1.16,50.42,973.28,2821.44,257.52,166.57,0.21,4.24,0.4,0,0.16,0,0.27,0.58,8.84,0.26,5.26,0,0,7.69,0,6.58,0.32,0.25,0.92,19.88,0.44,0.31,0.77,0.25,0.43,0.16,0.03,0.42,0.03,0.32,9.43,4.51,0
"2012_Meadowlark",12.03858025,16.40123457,15.77469136,19.55092593,8.8,0.3239,24.93975,579.1375,39.44,40.85,1.46,1.23,4.77,0.11,4.74,0.49,0.4,0.05,2.43,0.74,1.15,99.3,1570.66,4431.08,228.73,156.44,0.02,2.83,0.66,0,0.11,0,1.4,0.59,9.76,0.26,3.74,0,0,5.74,0,7.13,0.72,0.37,1.46,22.32,0.55,0.28,0.58,0.41,0.28,0,0.05,0.78,0.09,0.37,11.72,4.08,0
"2012_Meadowlark",21.57372263,25.16350365,8.487591241,24.11094891,10,0.1622,24.93975,579.1375,40.36,39.37,0.17,0.54,3.92,0.99,3.81,0.31,0.65,0.08,1.93,0.89,0.92,183.96,1357.35,3849.27,232.03,200.31,0,4.23,0.54,0,0.18,0,1.81,0.41,10.76,0.45,6.76,0,11.57,0,0,15.59,0.58,0.58,1.54,28.57,0.68,0.24,0.53,0.4,0.05,0,0.08,0.41,0.05,0.36,11.79,3.23,0
"2012_Primadonna",26.52,24.04827586,14.26482759,25.91862069,10.6,0.5214,24.93975,579.1375,47.39,48.73,1.95,2.9,4.71,0.78,5.17,0,0.18,0.19,3.61,0.83,1.21,82.61,1290.39,4073.93,200.32,154.64,0,0.87,0.79,0,0,0,0.38,0.5,5.44,0.23,0.17,0,2.18,5.03,0,1.06,0.77,0.08,0.26,4.1,0.43,0.27,0.89,0.07,0.04,0.51,1.09,0.22,0.17,0,1.82,1.8,0
"2012_Primadonna",25.90285714,24.98857143,13.78714286,27.65857143,10.8,0.5573,24.93975,579.1375,45.81,43.56,1.84,0.7,8.55,6.16,6.58,0,0.14,0.14,4.27,1.7,1.73,70.53,1157.13,4656.22,397.79,146.09,0,0.29,0.68,0,0.02,0,0.74,0.77,3.71,0,0,0,5.6,9.39,0,0.56,1.25,0.01,0.37,6.76,0.79,0.2,1.09,0.29,0.17,0.22,1.32,0.06,0.05,0,1.46,2.87,0
"2012_Primadonna",22.80189959,25.26594301,10.76797829,25.33785617,11.3,0.2346,24.93975,579.1375,56.83,56.35,0.21,1.82,7.33,6.88,7.47,0,0.36,0.5,4.93,1.53,1.67,216.42,1766.28,4999.2,290.46,226.99,0,0.78,1.02,0,0.25,0,0.31,0.65,5.21,0.12,1.96,0,7.46,0,0,2.51,1.92,0.07,0.34,10.41,0.89,0.2,0.69,0.17,0,0.55,1.67,0.05,0.06,0,1.52,1.65,0
"2012_Primadonna",26.04843305,26.17806268,12.92592593,26.61823362,12.5,0.5342,24.93975,579.1375,59.23,57,1.56,1.5,3.87,1,4.31,0.15,0.12,0.12,3.5,0.69,0.89,19.66,938.49,3623.7,216.85,184.12,0,1.64,0.91,0,0.01,0.05,0.91,0.83,3.91,0.14,0.92,0,4.38,8.91,0,1.05,1.24,0.09,0.7,8.38,0.91,0.23,0.75,0.2,0.21,1.08,1.28,0.12,0.13,0,1.19,1.86,0
"2012_Primadonna",28.81868898,26.90794979,12.72524407,28.09344491,12.6,0.4213,24.93975,579.1375,59.8,58.44,2.59,1.56,7.74,1.59,6.74,0.12,0.18,0.19,4.82,1.1,1.72,124.88,1341.65,4882.09,252.72,137.75,0,1.72,0.87,0,0.01,0,0.08,0.67,2.83,0,2.01,0,0,6.86,0,1.94,1.68,0.07,0.36,14.47,0.44,0.15,0.67,0.33,0.05,0.49,0.78,0.06,0.03,0,1.01,2.24,0
"2012_Primadonna",20.60169492,25.21045198,9.676553672,25.32909605,11,0.192,24.93975,579.1375,51.14,51.31,0.41,1.48,4.92,3.59,6.94,0,0.21,0.18,3.42,1.64,1.01,134.3,1435.54,3832.78,162.7,152.34,0,1.78,1.06,0,0.05,0.01,0.89,0.72,4.54,0.13,1.77,0,0,4.33,0,3.81,1.59,0.12,0.36,11.74,0.48,0.16,0.65,0.74,0.06,0.37,1.27,0.09,0.13,0.04,1.22,1.88,0
"2012_Primadonna",26.89437819,28.87223169,11.08517888,28.19591141,13.9,0.4015,24.93975,579.1375,69.86,67.58,2.06,1.52,4.92,0,5.26,0.04,0.28,0.37,3.87,1.92,1.2,59.65,1031.55,3826.19,240.73,191.51,0.18,1.06,0.82,0,0.04,0,0.3,0.58,2.81,0.02,1.78,0,5.95,8.73,0,2.07,0.87,0.06,0.59,11.28,0.82,0.36,1.05,0.3,0.19,0.66,1.38,0.07,0.05,0,0.84,1.91,0
"2012_Primadonna",22.1095679,21.47685185,13.36574074,24.45833333,10.7,0.4012,24.93975,579.1375,39.56,41.63,1.42,1.23,6.8,0,7.15,0,0.27,0.06,5.4,1.18,1.52,142.77,1628.91,5600.5,260.7,146.9,0,1.09,0.97,0,0.07,0,0.57,1.02,3.24,0.06,1.88,1.74,3.22,5.8,0,2.49,2.85,0.02,0.84,12.88,0.8,0.29,1.02,0.23,0.19,0.49,0.87,0.09,0.09,0,1.37,3.02,0
"2012_Primadonna",20.68029197,24.56642336,7.01459854,22.18832117,11.4,0.15,24.93975,579.1375,52.11,50.36,0.28,1.05,3.71,1.55,5.55,0.06,0.43,0.23,3.04,0.67,0.45,411.67,1545.88,3848.82,74.05,165.93,0,0.67,0.88,0,0.04,0,0.93,0.74,3.86,0.21,3.98,0,6.76,0,0,7.51,1.28,0.13,0.43,13.23,0.83,0.19,0.4,0.29,0.23,0.35,0.97,0,0.14,0,1.08,1.16,0
"2012_Scintilla",21.85931034,21.8,16.1862069,25.53241379,10.8,0.6903,24.93975,579.1375,49.74,50.24,2.68,2.77,3.44,0,2.43,0,0.03,1.07,1.13,0.44,0.87,2.08,791.96,1986.64,284.62,127.43,0,0.89,0.31,0.25,0,0,0,0.37,1.12,0.05,0,0,2.03,7.8,0,0,0,0.14,1.41,0.63,0.18,0.1,0.19,0,0.26,0.08,0.25,1.24,0.02,0.08,2.58,4.78,0
"2012_Scintilla",23.44640434,24.24287653,14.58480326,24.45997286,12.9,0.4719,24.93975,579.1375,62.4,62.46,1.76,1.76,5.28,0.77,4.83,0,0.04,0.99,2.3,0.81,1.36,6.67,1379.83,3488.36,272.86,165.15,0,1.69,0.78,0.21,0.21,0,0.1,0.5,1.31,0,0,0,2.1,5.75,0,0,0.21,0,2.25,2.9,0.72,0,0.15,0,0.21,0.26,0.87,1.67,0.06,0.07,2.14,4.64,0
"2012_Scintilla",24.53133903,24.7962963,16.50712251,28.13532764,11.7,0.5863,24.93975,579.1375,55.43,52.97,1.36,3.04,3.3,0,3.04,0.14,0.06,0.03,1.41,0.61,0.75,5.65,803.68,1647.63,275.75,120.34,0,0.95,0.45,0.25,0.18,0.02,0.33,0.76,0.88,0.02,0.02,0,2.25,7.21,0,0.07,0.03,0.03,1.28,1.96,0.41,0,0.14,0,0.38,0.11,0.18,0.91,0.02,0,1.74,3.52,0
"2012_Scintilla",31.60875706,29.65960452,12.54661017,30.6539548,12.6,0.483,24.93975,579.1375,57.76,58.76,1.89,1.74,4.63,0.4,5.99,0.07,0.06,0.77,2.45,1.58,1.12,3.72,1683.21,3580.06,192.22,132.62,0,4.22,0.72,0.22,0,0,0.54,0.99,1.05,0.26,0.36,0,2.73,5.31,0.02,0.05,0.4,0.06,2.95,2.73,0.32,0.01,0.26,0.47,0.09,0.34,0.55,1.85,0.1,0.09,2.29,4.83,0
"2012_Scintilla",24.80579216,28.85349233,14.26746167,31.78705281,11.8,0.4021,24.93975,579.1375,57.5,55.1,3.2,3.8,3.44,0,3.33,0.08,0.08,1.71,1.77,0.74,0.85,9.19,1016.58,2141.76,275.95,130.85,0.25,1.19,0.58,0.28,0,0,0.09,0.47,1.12,0.06,0.14,0,1.59,4.48,0,0.08,0.03,0.19,1.75,3.09,0.75,0,0.24,0.07,0.76,0.16,0.28,1.19,0.06,0,2.08,4.47,0
"2012_Scintilla",28.17080292,26.45693431,15.1080292,27.99124088,11.8,0.3277,24.93975,579.1375,55.12,54.95,0.6,1.08,3.22,0,3.97,0,0.04,0.75,1.64,1.09,0.83,8.92,1790.21,3095.81,125.01,124.56,0,2.73,0.65,0.13,0.13,0,0.56,0.36,1.35,0.06,0.15,0,1.13,2.41,0,0.19,0.47,0.04,2.73,1.76,0.33,0.06,0.15,0.01,0.16,0.2,0.49,1.76,0.08,0.1,2.27,3.45,0
"2013_Emerald",20.96264368,23.24425287,18.34913793,29.23706897,12.2,0.7874,24.93975,579.1375,51.93,55.07,0.4,0.53,5.51,4.17,3.87,0.12,0.59,0.17,3.54,0.71,1.25,0.24,903.31,3247.38,377.35,175.86,1.67,1.35,0.62,0,0.3,0,0.15,1.31,1.46,0.08,11.41,0.3,6.22,4.53,0.1,1.24,0.92,0.14,0.94,30.59,0.67,0.16,1.48,0.29,2.7,0.23,1.77,0.34,0.02,0,1.87,2.3,0
"2013_Emerald",19.43171806,19.49926579,16.05580029,22.12922173,11.1,0.7267,24.93975,579.1375,47.17,59.6,1.86,0.84,5.88,9.91,7.45,0.17,0.34,0.12,4.94,1.49,1.34,0.11,1807.42,4816.67,334.85,206.16,0.56,0.84,1.2,0,0.11,0,0.17,2,1.42,0.01,0,0.33,1.65,4.57,0,0.37,0.26,0.14,0.74,33.46,0.95,0.21,0.67,0.1,0.55,0.17,0.54,0.32,0,0,1.29,1.99,0
"2013_Emerald",16.70241287,18.99865952,18.71179625,23.29088472,10.5,0.6161,24.93975,579.1375,43.3,56.37,1.88,1.11,5.38,7.26,5.03,0.07,0.13,0.17,3.71,0.83,1.24,0.11,1193.31,3873.85,278.03,200.88,1.46,1.49,0.69,0,0.11,0,0,1.88,2.42,0.32,6.87,0.25,3.61,0,0,0.43,1.53,0.16,0.79,26.08,1.17,0,1.14,0.22,0.74,0.37,1.04,0.3,0.08,0,2.07,1.98,0
"2013_Emerald",18.10840108,20.48915989,20.19783198,26.39837398,13.1,0.9096,24.93975,579.1375,64.02,76.01,0.32,1.54,7.31,9.78,5.64,0.24,0.21,0.4,4.69,0.71,1.77,0.18,674.27,3656.68,353.07,153.96,0.81,1.71,0.59,0,0.02,0,0,1.15,2.78,0.02,0,0.25,2.76,2.58,0,1.05,1.39,0,0.84,48.48,1.44,0.05,0.73,0.26,4.66,0.68,1.48,0.35,0.06,0,1.63,2.25,0
"2013_Emerald",23.32440476,22.36755952,11.39434524,23.70982143,10.9,0.3855,24.93975,579.1375,45.31,41.19,1.17,1.3,6.14,10.28,5.87,0.08,0.19,0.17,3.95,1.01,1.36,0.23,1265.61,3358.34,317.15,182.92,0.29,0.68,0.72,0,0.25,0,0,1.21,2,0,0.78,0.26,0,3.46,0,0.18,0.38,0.14,0.51,23.61,1.18,0,0.8,0.01,1.01,0.43,1.14,0.31,0,0,1.77,1.61,0
"2013_Emerald",23.45184136,21.22804533,13.73087819,24.2407932,10.9,0.3856,24.93975,579.1375,48.81,57.12,2.2,1.42,4.63,14.23,5.19,0,0.07,0.36,3.3,0.74,1.06,0.53,1237.81,3606.61,170.62,152.08,0,1.2,0.69,0,0,0,0,1.04,2.3,0.18,1.46,0.21,1.84,0,0,0.4,0.86,0.15,0.64,22.27,1.12,0,0.23,0.12,0.62,0.33,1.05,0.26,0.04,0,1.65,1.21,0
"2013_Emerald",20.49665328,23.48728246,10.40829987,23.93038822,12.3,0.359,24.93975,579.1375,61.59,59.39,0.56,0.86,5.16,11.62,4.5,0.02,0.05,0.27,3.81,0.71,1.19,0.2,983.09,3244.08,209.91,135.64,0,0.89,0.54,0,0,0,0,1.4,2.28,0.18,2.05,0.25,4.86,0,0,1.07,0.48,0,0.5,25.19,1.17,0.15,0.49,0.2,10.79,0.49,2.2,0.22,0.03,0,1.37,1.27,0
"2013_Emerald",16.47683924,17.02588556,10.97275204,19.57356948,9.8,0.2993,24.93975,579.1375,42.54,56.3,1.25,1.17,4.82,9.45,4.99,0,0.05,0.31,3.17,0.74,1.06,0.89,1187.58,3417.91,175.07,149.54,0,1.16,0.65,0,0.1,0,0,1.56,2.55,0.12,1,0.24,1.42,0,0,0.56,0.88,0.42,0.49,24.59,1.41,0,0.31,0.12,1.28,0.34,1.14,0.26,0.01,0,1.75,1.09,0
"2013_Emerald",16.54189944,17.10614525,8.293296089,18.3226257,10.2,0.277,24.93975,579.1375,45.37,51.03,1.22,1.02,4.8,1.32,4.8,0,0.07,0.25,3.43,0.81,1,1.52,1076.05,2997.96,259.16,156.55,0,0.57,0.6,0,0,0,0,1.93,2.41,0.16,2.29,0.09,3.11,0,0,1.11,0.35,0.2,0.37,30.45,1.41,0.09,0.3,0.34,1.86,0.42,1.59,0.3,0.02,0,1.52,1.03,0
"2013_Endura",17.30172414,18.20833333,24.0387931,26.20545977,10.7,0.8149,24.93975,579.1375,43.4,45.26,0.79,0.36,5.36,18.29,3.08,0.15,0.51,0.22,2.79,0.59,1.25,3.81,799.3,3436.66,225.07,164.54,1.92,0.9,0.39,0.14,0.22,0.1,0.18,1.49,1.79,0,0.95,1.21,5.67,13.28,0.29,7.39,3.54,0.13,3,7.53,0.56,0,2.32,0.05,0,0.1,0.52,0.8,0.01,0,2.28,2.46,0
"2013_Endura",20.32745962,20.59030837,17.33480176,25.24963289,9.9,0.5366,24.93975,579.1375,41.37,51.12,2.47,0.94,5.94,4.72,4.72,0.16,0.43,0.22,3.48,0.72,1.34,9.6,1290.74,4756.02,288.55,259.32,4.95,0.9,0.54,0.51,0.47,0.06,0.16,1.02,1.75,0,0.9,2.31,14.58,22.62,0,1.62,4.87,0.21,3.53,10.59,0.66,0.52,4.08,0,0.37,0.2,0.82,0.93,0.04,0,2.57,4.21,0
"2013_Endura",22.18230563,23.74128686,14.02949062,25.44235925,12.7,0.4063,24.93975,579.1375,58.77,63.56,5.44,0.87,6.14,10.99,3.19,0.4,0.63,0.6,3.16,0.82,1.54,4.7,552.17,3361.91,449.83,280.1,5.05,1.01,0.31,0.2,0.53,0.06,0,0.99,1.8,0.16,4.86,2.08,11.56,22.22,0.19,3.1,3.36,0.18,2.62,10.55,1.03,0,4.68,0.14,0.44,0.67,1.15,0.67,0.12,0,1.66,2.74,0
"2013_Endura",14.60433604,16.61788618,28.26287263,27.14769648,10.9,0.9463,24.93975,579.1375,50.56,61.03,0.7,0.94,5.61,2.84,3.73,0.12,0.15,0.17,3.41,0.45,1.38,2.49,620.1,3863.37,137.66,99.37,2.4,0.64,0.43,0.17,0.07,0,0,0.75,1.99,0.05,1.64,0.06,3.97,9.35,0.26,4.8,3.86,0,3.01,12.57,0.79,0.1,0.92,0.08,0.11,0,0.35,0.88,0.05,0,2.61,2.73,0
"2013_Endura",16.89434524,19.25595238,19.7172619,25.16666667,9.3,0.6045,24.93975,579.1375,34.72,33.75,0.33,1.21,4.89,26.83,3.88,0.14,0.13,0.17,2.65,0.68,1.21,4.07,796.18,3828.51,132.51,135.27,2.74,0.62,0.49,0.32,0.15,0,0,1.01,1.55,0,0,0.7,3.58,8.29,0,0.85,5.11,0.15,2.23,8.53,0.86,0,1.82,0,0.3,0.21,0.83,0.65,0,0,2.5,3.66,0
"2013_Endura",25.92067989,24.05240793,15.83002833,28.09348442,11.7,0.3891,24.93975,579.1375,56.81,58.74,4.27,0.96,6.5,13.15,5,0.12,0.37,0.3,4.21,0.92,1.59,3.92,1005.92,4796.29,247.48,227.82,5.03,0.99,0.58,0.28,0.26,0,0,0.64,2.2,0.12,3.19,0.63,6.05,10.78,0.14,4.1,3.7,0.23,3.41,12.85,1.16,0,2.89,0.06,0.46,0.52,1.46,0.94,0.02,0,2.23,3.31,0
"2013_Endura",17.81392236,19.92637216,20.47791165,24.08165997,10.1,0.4485,24.93975,579.1375,45.47,43.61,1.09,0.71,3.87,23.48,3.25,0.07,0.22,0.24,2.64,0.46,0.88,5.06,722.37,3197.75,89.76,89.25,2.34,0.41,0.32,0,0,0,0,0.96,1.86,0,0.19,0.34,4.89,0,0,3.55,2.26,0,1.9,10.43,1,0.08,0.69,0.02,0,0,0.49,0.61,0.03,0,2.2,2.04,0
"2013_Endura",21.65258856,22.7506812,9.885558583,23.71798365,11.3,0.2142,24.93975,579.1375,50.1,61.41,3.94,1.01,4.52,8.49,3.14,0.19,0.33,0.38,2.71,0.5,1.03,7.88,751.14,3255.02,147.36,135.78,3.11,0.5,0.28,0.21,0.25,0,0,0.87,2.04,0.01,0.34,0.11,2.62,3.81,0,1.87,1.88,0.25,1.93,7.72,0.88,0,0.94,0.02,0.33,0.2,1.09,0.47,0,0,1.21,1.61,0
"2013_Endura",13.84916201,16.82541899,24.13268156,23.33798883,9.1,0.6169,24.93975,579.1375,36.57,43.92,0.78,1.17,5.99,4.11,4.47,0,0.26,0.15,3.58,0.73,1.42,10.4,1339.65,5331.75,144.02,171.08,3.61,0.68,0.62,0.29,0.15,0,0,1.99,2.29,0,0,0,3.91,6.83,0.05,2.19,3.71,0.31,3.04,9.33,0.83,0,1.73,0,0.16,0.24,0.92,1.03,0,0,3.03,4.21,0
"2013_Farthing",20.85201149,19.5545977,21.52873563,27.77586207,11,0.7811,24.93975,579.1375,49.6,48.79,2.04,0.82,4.37,8.58,4.59,0.48,0.17,2.31,3.1,0.6,0.93,4,1094.82,3122.36,208.74,116.5,5.87,2.12,0.53,0.29,0.08,0,0.17,1.73,1.02,0,2.45,1.48,3.68,12.44,0,0.61,2.44,0.1,0.36,8.99,0.4,0,1.4,0.04,0,0.14,0.39,0.07,0,0,0.53,1.39,0
"2013_Farthing",16.54185022,17.98091043,19.23641703,22.2349486,9.4,0.694,24.93975,579.1375,44.62,47.3,3.93,1.35,4.42,2.5,6.53,0.03,0.09,0.12,3.96,0.68,1,1.08,1688.29,4950.3,161.26,105,7.72,1.29,1.12,0.43,0.03,0,0.24,2,1.36,0,0,1.51,0.4,8.08,0,0.19,4.23,0.34,0.24,9.3,0.81,0,0.98,0.1,0.26,0.17,0.34,0.11,0,0,0.91,1.4,0
"2013_Farthing",22.44369973,21.3766756,19.05093834,24.75871314,10.5,0.5176,24.93975,579.1375,47.93,51.45,4.96,1.74,4.05,2.41,4.67,0.1,0.07,0.34,2.89,0.75,0.91,2.03,1164.31,3223.95,242.07,173.36,9.89,1.27,0.61,0.37,0.18,0,0,1.47,1.7,0.14,10.14,0,3.57,6.55,0,0.49,2.02,0.3,0.35,10.37,1.01,0,2.47,0.23,0.05,0.5,0.83,0,0.08,0,0.55,1.18,0
"2013_Farthing",20.94850949,20.04336043,24.33875339,26.58130081,11.9,0.8233,24.93975,579.1375,52.59,60.41,2.09,1.86,5.53,8.99,4.65,0.14,0.03,0.37,3.34,0.83,1.2,2.18,789.02,3061.57,283.81,115.95,6.88,1.99,0.52,0.33,0,0,0,1.2,1.41,0,0,0,2.86,15.29,0,0.81,2.3,0,0.31,11.12,0.75,0.07,1.3,0.02,0.22,0,0.53,0,0,0,0.68,1.48,0
"2013_Farthing",19.12053571,19.9077381,14.53571429,24.58482143,9.6,0.571,24.93975,579.1375,39.21,36.61,3.41,2.59,4.26,9.8,4.3,0.15,0.07,0.36,2.73,0.65,0.97,1.71,845.24,2764.46,313.42,135.45,9.09,0.66,0.52,0.55,0.1,0,0,1.09,1.38,0,1.25,0.26,3.37,17.96,0,0.1,2.14,0.45,0.18,6.56,1.07,0,5.45,0.03,0.34,0.45,0.48,0,0,0,0.63,1.57,0
"2013_Farthing",25.69121813,25.21671388,15.8470255,28.05665722,10.6,0.3649,24.93975,579.1375,47.77,52.63,5.14,2.85,3.39,5.91,5.42,0.02,0.06,0.28,2.59,0.71,0.73,5.44,1336.43,3036.12,184.12,154.46,9.74,1.3,0.67,0.35,0,0,0,0.74,1.52,0.1,1.58,0.14,1.9,3.51,0,0.52,1.65,0.35,0.27,9.4,0.95,0,0.99,0.11,0.15,0,0.59,0,0.03,0,0.51,1.1,0
"2013_Farthing",24.46586345,22.64390897,14.54886212,25.70950469,11.4,0.5255,24.93975,579.1375,56.36,50.93,2.25,1.67,4.24,9.12,4.12,0.14,0.07,0.31,2.43,0.61,0.87,7.5,817.05,2362.49,194.79,112.93,5.96,1.7,0.36,0.18,0,0,0,0.84,1.39,0.05,0.47,0,0,5.83,0,0.44,1.3,0,0.25,6.74,0.86,0,1.15,0.02,0,0.07,0.62,0,0,0,0.33,1.03,0
"2013_Farthing",24.60354223,22.96049046,8.960490463,23.04495913,11,0.2305,24.93975,579.1375,55.48,59.56,4.54,2.54,2.66,8.18,2.79,1.66,0.11,0.63,1.42,0.71,0.55,19.15,500.47,1524.41,277.55,168.16,5.01,0.98,0.2,0.12,0.13,0,0,0.93,1.96,0.11,1.55,0.06,1.32,3.04,0,0.21,1.04,0.27,0.34,4.16,0.69,0,0.89,0.09,0.2,0.25,0.5,0,0.07,0,0.28,0.92,0
"2013_Farthing",20.44972067,20.55726257,6.462290503,21.52234637,10.2,0.2506,24.93975,579.1375,42.93,48.5,3.71,1.83,2.99,0.44,3.77,0,0.05,0.3,2.22,0.57,0.7,11.43,738.66,2103.74,185.17,104.56,7.02,0.57,0.34,0.39,0.15,0,0,0.88,1.45,0.12,0.44,0.09,1.48,3.51,0,0.29,1.34,0.23,0.14,7.91,0.63,0,1.19,0.11,0.06,0,0.36,0,0.02,0,0.24,1.04,0
"2013_Meadowlark",16.62356322,17.32183908,12.83477011,21.02586207,8.1,0.5111,24.93975,579.1375,28.4,34.25,1.37,0.43,4.93,4.28,5.74,0.69,0.52,0.07,2.36,1.09,1.21,1.36,1460.5,3855.59,315,193.44,1.17,2.14,0.72,0,0.39,0,1.2,1.97,11.07,0.05,8.96,1.58,3.53,1.42,0.08,2.72,0.39,0.11,0.71,11.6,0.51,0,1.82,0.13,0.07,0.06,0,0.49,0.04,0.25,8.49,4.27,0
"2013_Meadowlark",19.35095448,21.45521292,13.80029369,23.32892805,9.7,0.3779,24.93975,579.1375,46.58,54.2,4.24,1.01,4.85,2.2,6.04,0.91,0.25,0.11,1.59,1.43,1.18,14.3,2058.22,3857.5,254.1,215.46,0.89,4.3,0.82,0,0.62,0,4.12,4.6,8.64,0,13.58,0.61,0,6.98,0.11,4.22,0.66,0.21,0.88,19.32,0.59,0.27,1.54,0.18,0.34,0.23,0,0.62,0.03,0.33,10.87,4.54,0
"2013_Meadowlark",24.64879357,23.78284182,8.04155496,23.45710456,10.5,0.1921,24.93975,579.1375,47.05,58.31,4.41,0.56,4.81,6.74,4.39,0.61,0.16,0.14,1.57,1.07,1.14,2.68,1236.98,3249.85,194.27,210.96,0.5,6.45,0.5,0,0.33,0,0,3.52,10.4,0.23,11.35,0,6.81,0,0.09,3.54,0.3,0.14,0.63,14.67,0.94,0.33,1.46,0.22,0.2,0.12,0,0.32,0.03,0.28,6.33,3.68,0
"2013_Meadowlark",23.399729,22.14092141,16.31842818,25.41869919,9.7,0.5736,24.93975,579.1375,39.47,55.13,1.99,0.8,4.19,2.34,4.41,0.78,0.06,0.07,1.34,0.74,0.88,2.73,878.65,2620.06,200.81,160.73,0.52,2.88,0.51,0,0.08,0,0,2.32,9,0,0.28,0,4.09,0,0.11,4.22,0.65,0.1,1.03,15.65,0.96,0,1.44,0.22,0.43,0,0,0.81,0.05,0.46,9.82,4.16,0
"2013_Meadowlark",24.45684524,24.25744048,11.06696429,25.77083333,9.5,0.3089,24.93975,579.1375,45.17,47.87,3.6,1.08,3.94,22.13,3.79,0.04,0.15,0.13,1.4,0.81,0.93,12.41,988.6,2756.45,179.42,172.66,0,3.53,0.32,0,0.28,0,0,2.2,8,0,2.45,0.96,0,3.02,0,1.51,0.53,0.18,0.64,13.5,0.83,0,1.48,0.13,0.39,0,0,0.28,0.02,0.34,9.14,3.46,0
"2013_Meadowlark",22.76345609,24.91359773,8.909348442,25.34135977,9.9,0.1994,24.93975,579.1375,45.83,57.53,4.29,0.62,5.01,3.48,4.69,0,0.15,0.06,1.96,0.7,1.14,4.08,1517.71,3920.81,162.92,179.29,0.77,5.7,0.62,0,0.15,0,0,1.8,11.79,0.44,4.85,0.29,4.87,0,0.04,2.67,0.36,0.21,0.79,13.09,1.05,0.3,0.62,0.22,0.37,0.06,0,0.36,0.08,0.42,9.35,3.7,0
"2013_Meadowlark",18.91566265,19.21017403,13.3935743,22.16465863,9,0.3935,24.93975,579.1375,41.06,45.03,2.03,0.86,4.39,7.48,4.35,0.26,0.14,0.11,1.92,0.8,1.08,12.14,986.21,2991.3,215.76,173.35,0,2.01,0.4,0,0.14,0,0,3.01,7.87,0.21,1.71,0.32,4.21,0,0,1.92,0.52,0,0.85,10.04,0.69,0,1.17,0.09,0,0,0,0.47,0.02,0.39,8.28,3.35,0
"2013_Meadowlark",20.86103542,23.05313351,11.93324251,22.6239782,10.2,0.2293,24.93975,579.1375,47.31,58.57,3.67,0.98,4.7,28.68,4.36,0.18,0.37,0.25,1.79,0.84,1.06,57.09,866.14,2912.72,253.1,215.25,0,4.39,0.27,0,0.12,0,0,0.81,8.29,0.12,2.14,0.09,5.6,0,0.1,3.37,0.31,0.48,0.74,13.9,0,0,0.46,0.13,0.13,0,0,0.39,0.01,0.28,7.59,2.86,0
"2013_Meadowlark",16.43994413,20.29189944,8.536312849,20.64106145,9.1,0.1689,24.93975,579.1375,39.11,48.36,2.55,1.01,3.09,4.74,2.75,0.03,0.66,0.18,1.36,0.58,0.66,128.38,739.44,2325.87,158.94,158.79,0,2.27,0.31,0,0.37,0,0,1.62,10.47,0.28,2.9,0,6.08,0,0.13,4.17,0.17,0.39,0.59,18.35,1.02,0.09,0.44,0.19,0.22,0,0,0.19,0.02,0.23,9.3,1.94,0
"2013_Primadonna",26.84482759,24.50287356,11.61494253,25.42385057,11.2,0.3941,24.93975,579.1375,50.13,49.46,1.42,0.46,3.9,6.49,4.25,0.07,0.25,0.17,3.02,0.72,0.84,20.68,1077.9,3292.86,219.12,172.17,1.55,1.4,0.62,0,0.17,0,0.31,1.4,4.74,0,4.54,0.63,4.89,7.52,0.07,2.09,1.22,0.09,0.4,8.14,0.66,0,2.1,0.05,0.14,0.18,1.12,0.06,0.02,0,1.25,1.36,0
"2013_Primadonna",24.13656388,22.79295154,11.72687225,23.57562408,11.2,0.3911,24.93975,579.1375,55.05,65.51,4.06,1.08,5.33,4.17,6.91,0,0.24,0.13,4,0.99,1.18,46.43,1693.21,4585.98,245.55,138.16,1.73,0.83,0.83,0.08,0.35,0.01,0.44,3.07,3.97,0,6.18,0.27,3.47,8.01,0.08,2.31,2.95,0.03,0.2,14.16,0.68,0.17,1.81,0.11,0.12,0.26,0.38,0,0.05,0,1.06,1.97,0
"2013_Primadonna",22.46112601,25.10723861,6.501340483,24.39276139,12.4,0.1719,24.93975,579.1375,60.56,65.96,4.7,0.43,4.12,4.11,3.44,0.07,0.16,0.12,2.42,0.66,0.88,39.61,785.78,2679.01,175.67,155,1.33,0.46,0.41,0,0.19,0,0,0.8,4.82,0,2.69,0.06,7.3,0,0.03,3.75,0.89,0.1,0.12,12.89,0.86,0.14,1.04,0.15,0.2,0.42,1.1,0,0.02,0,0.34,0.82,0
"2013_Primadonna",23.51355014,22.62466125,12.56097561,24.27642276,11.1,0.4394,24.93975,579.1375,49.53,57.93,1.86,2.87,5.72,4.14,4.89,0.17,0.12,0.41,2.78,0.73,1.2,12.88,1246.52,3568.99,266.4,183.66,1.27,0.8,0.58,0,0.06,0,0,1.27,7.34,0.03,0,0,2.91,6.33,0,1.68,1.79,0.28,0.18,22.33,1.12,0,1.35,0.03,0.04,0.74,2.02,0,0,0,1.53,1.81,0
"2013_Primadonna",24.26636905,25.07291667,8.078869048,24.7514881,12.3,0.3257,24.93975,579.1375,63.57,60.39,4.68,1.72,5.88,6.93,5.93,0,0.15,0.12,3.68,0.74,1.17,45.02,1409.62,4255.75,133.87,99.99,1.18,0.7,0.79,0,0,0,0,1.93,3.47,0,4.73,1.33,0,4.52,0,1.91,1.73,0.07,0.14,14.64,1.09,0.28,0.62,0.14,0.36,0.35,0.67,0,0,0,0.64,1.4,0
"2013_Primadonna",19.57507082,25.32436261,5.92917847,24.97167139,11.6,0.1291,24.93975,579.1375,52.55,55.91,5.05,1.51,3.21,4.47,3.34,0,0.26,0.21,2.03,0.44,0.55,191.1,586.74,2303.55,103.49,82.28,1.6,0.17,0.31,0,0.07,0,0,0.27,5,0,4.51,0,4.68,0,0,3.48,0.57,0.09,0,13.13,1.15,0.13,0.41,0.18,0.07,0.27,0.61,0,0.03,0,0.3,0.78,0
"2013_Primadonna",15.47956403,21.83242507,8.920980926,21.60217984,11.6,0.1988,24.93975,579.1375,53.91,60.63,3.65,1.92,4.8,7.1,3.71,0.09,0.36,0.76,2.41,0.55,0.95,191.43,631.56,2715.29,175.81,140.28,2.48,0.78,0.38,0,0.08,0,0,0.75,4.59,0,2.15,0.21,3.95,0,0,1.98,0.97,0.16,0.12,7.51,0.9,0.08,0.47,0.05,0.04,0.37,1,0,0.02,0,0.58,0.88,0
"2013_Primadonna",20.39804469,23.21089385,9.902234637,24.51396648,10.3,0.281,24.93975,579.1375,46.73,54.33,2.54,1.67,5.41,4.99,5.82,0,0.46,0.18,3.11,0.88,1.11,371.24,1557.86,3746.51,158.67,139.72,1.39,0.88,0.75,0,0.13,0,0,1.45,3.68,0,1.35,0.25,6.16,0,0.11,3.73,1.45,0.13,0.24,11.23,0.93,0,0.71,0.04,0,0.28,0.56,0,0,0,0.92,1.47,0
"2013_Scintilla",28.92816092,26.53304598,14.66666667,29.48563218,11.4,0.6331,24.93975,579.1375,51.74,51.04,2.06,0.5,4.02,2.25,3.62,0.09,0.16,0.49,1.88,0.57,0.9,0.29,1117.58,2436.79,282.95,134.6,5.35,2.07,0.54,0.2,0.07,0,0.13,0.68,1.11,0,2.62,0.59,2.06,11.54,0,0.02,0.48,0,1.48,2.91,0.46,0,0.72,0,0,0.02,0.29,1.48,0,0,1.72,4.14,0
"2013_Scintilla",24.75469169,25.5308311,16.14879357,28.5536193,12,0.4366,24.93975,579.1375,53.99,59.33,5.65,0.98,4.91,5.67,4.31,0.12,0.05,0.54,1.93,0.88,1.14,0.42,1033.02,2341.95,259.5,184.44,6.36,1.82,0.65,0.2,0.04,0.01,0,1.05,1.15,0.09,1.85,0.06,2.46,5.37,0,0.04,0.18,0,0.73,1.43,0.57,0.04,0.3,0.02,0.08,0.28,0.63,1.2,0.03,0,1.51,3.48,0
"2013_Scintilla",28.84552846,26.80623306,16.39566396,29.26558266,11.8,0.6237,24.93975,579.1375,54.42,63.93,1.93,2.7,3.26,5.43,3.68,0.16,0,0.82,1.48,0.5,0.7,0.38,994.81,2459.24,257.2,126.23,8.87,3.07,0.57,0.25,0,0,0,0.51,1.72,0.01,0,0.15,0,6.05,0,0.04,0.45,0.19,1.54,3.05,0.78,0,0.01,0,0.21,0,0.43,1.73,0,0,3.23,5.53,0
"2013_Scintilla",29.59631728,27.90226629,12.75212465,29.64872521,12.4,0.3533,24.93975,579.1375,60.04,63.17,5.69,1.47,4.7,9.89,4.72,0.09,0.05,0.74,2.28,0.75,1.02,0.99,1442.64,3093.42,256.8,155.66,7.64,2.45,0.79,0.17,0,0,0,0.58,1.42,0.19,0.79,0.31,1.72,5.39,0,0.03,0.17,0,1.08,2.14,0.65,0.08,0.31,0.04,0.2,0.1,0.55,1.55,0.04,0,1.94,4.08,0
"2013_Scintilla",23.1352075,22.9665328,19.7523427,26.35341365,11.8,0.7207,24.93975,579.1375,64.84,57.68,3.96,1.19,4.83,3.56,4.42,0.15,0.06,0.86,1.93,0.7,1.06,0.61,996.2,2612.62,266.04,127.6,6.02,1.9,0.45,0.18,0,0,0,1.1,1.09,0.03,0,0.06,1.18,7.8,0,0.15,0.15,0,1.41,1.64,0.62,0.05,0.31,0.03,0,0,0.31,1.18,0.01,0,1.25,4.76,0
"2013_Scintilla",24.46866485,26.5653951,11.78882834,25.33378747,12.2,0.365,24.93975,579.1375,55.56,63.51,5.19,1.12,5.25,11.37,4.49,0.08,0.03,0.95,1.83,0.67,1.17,2.25,1105.07,2527.2,245.6,149.16,7.25,2.32,0.54,0.16,0,0,0,0.61,1.05,0.07,0.52,0,1.23,4.87,0,0.03,0.16,0,1.15,0,0.38,0,0.3,0.01,0.24,0.16,0.45,1.2,0.01,0,1.09,3.55,0
"2014_06-435",27.96998124,25.35084428,13.59380863,27.37054409,11.6,0.4524,24.93975,579.1375,51.78,54.55,4.69,0.92,9.95,2.52,7.55,0,2.05,0.73,3.73,1.08,1.91,9.76,1630.76,5273.42,538.72,242.15,10,1.96,1.97,0,0.8,0.03,0,0.29,1.79,0,0.92,5.77,24.96,64.34,0,0,2.38,0.29,0.34,7.28,0,0,0.97,0.05,0,0,0,1.1,0.12,0,5.86,7.16,0
"2014_06-510",22.36679174,22.45497186,15.42401501,26.47748593,10.2,0.2495,24.93975,579.1375,42.82,45.4,2.17,1.16,7.69,0.13,5.73,0.1,0.05,0.28,3.04,0.95,1.62,2.03,2085.7,5658.26,876.68,286.72,1.09,0.69,1.2,0,0,0,0,0.26,1.79,0,0.86,0.83,3.34,20.7,0,0.66,4.03,0.17,0.27,34.93,0,0,1.43,0.2,0,0.14,0.55,0.51,0,0,0.19,1.78,0
"2014_06-571",26.01407129,25.23639775,10.33302064,28.42870544,12,0.1268,24.93975,579.1375,58.99,55.04,5.49,2.11,7.44,1.45,4.17,0.13,1.27,0.6,3.82,0.59,1.62,3.3,629.81,3763.62,675.88,169.36,1.69,0.72,1.55,0,0,0.13,0,0,2.14,0,29.79,2.23,33.57,16.64,0,0,6.32,0.47,0.29,50.04,2.52,0,1.43,3.28,0,0,0,0,0,0,0,4.51,0
"2014_07-290",19.41838649,21.45590994,19.9521576,27.8902439,11.6,0.4898,24.93975,579.1375,52.44,52.73,5.43,2.69,5.28,2.61,5.25,0.17,0.23,0.73,3.63,0.6,1,2.14,1135.74,5392.34,328.96,197.33,13.82,0.27,1.52,0,0.66,0.27,0,0.19,1.11,0,2.21,3.9,10.25,25.39,0,0,7.61,0.75,0.1,10.05,0,0,0.57,0.27,0,0,0,1.32,0.27,0,0,0.42,0
"2014_08-022",16.78611632,23.04409006,12.03939962,23.31425891,12,0.1666,24.93975,579.1375,53.84,48.74,2.41,2.26,23.69,0,12.56,0.29,0.14,0.38,6.2,1.29,5.39,10.52,1276.58,5985.96,901.03,331.5,1.85,1.55,0.86,0,0,0,0,0,2.56,0,4.17,1.23,7.79,18.56,0,1.81,29.43,0.8,0.21,86.88,0,0,1.46,3.3,0,0,0,0,0,0,0,1.5,0.06
"2014_10-107",13.10600375,18.59193246,25.3564728,26.6782364,11.5,0.5136,24.93975,579.1375,46.49,45.38,0.06,1.77,16.61,0.09,10.79,0,0,0.6,5.49,1.83,4.03,0.22,1932.85,6334.82,725.46,268.07,2.07,2.22,1.51,0,0,0,0,0.28,3.01,0,10.47,3.22,18.5,29.81,0,18.36,3.16,0.31,0.33,57.86,3.02,0,2.77,1.27,0.34,0,0.56,0,0,0,0,0.36,0
"2014_10-186",28.54409006,27.28424015,10.40243902,27.51407129,11.5,0.1798,24.93975,579.1375,51.95,45.82,1.67,2.07,10.52,2.16,9.98,2.5,0,0.03,1.97,1.81,2.01,0.41,3644.08,354.49,25.83,146.68,1.59,0.87,1.16,0.5,0,0,0,5.01,3.87,0,6.9,8.5,11.54,0,0,3.71,4.98,0.18,0.14,4.04,0.76,1.14,0,0,0,0,0,0,0.04,0,1.85,0.34,0
"2014_Chickadee",24.1483871,25.73732719,16.50322581,28.90599078,11.6,0.2466,24.93975,579.1375,50.26,47.85,1.79,4.31,6.18,3.36,5.68,0.1,0.26,0.66,2.72,1.07,1.23,0.51,1705.57,3412.52,643.42,343.99,0.28,1.06,0.71,0,0,0,0,0,0.76,0.1,0,0,0.84,2.61,0,0,4.49,0.23,0,0.15,0,0,0.51,0.48,0,0,0.76,1.14,0,0,0,1.58,0
"2014_Emerald",17.05680705,19.60920666,16.05582762,22.79236043,9.3,0.3882,24.93975,579.1375,40.13,39.11,0.13,1.1,6.21,1.96,6.29,0.12,0.16,0.32,4.18,1.47,1.4,0.64,1338.95,4392.66,787.82,302.44,0,0.79,0.69,0,0.24,0,0,0,2.13,0.42,1.04,0.47,1.81,5.35,0,0.67,1.27,0.51,0.32,26.15,0.87,0,1.33,0.26,4.47,0.44,0.7,0.37,0,0,0.21,1.85,0
"2014_Emerald",15.77166822,16.77726002,26.23019571,26.61043802,11.6,0.5099,24.93975,579.1375,42.92,46.72,0.21,1.01,7.76,2.29,5.39,0,0.36,0.17,4.67,0.77,1.57,0.09,699.3,4121.85,430.86,156.73,0.14,1.25,0.63,0,0,0,0,0.07,2.55,0.04,0.67,0.68,0.42,7.5,0,0.79,1,0.87,0.58,25.82,0,0,0.64,0.73,1.08,0,0.64,0.29,0.1,0,0.79,1.74,0
"2014_Emerald",16.47505198,18.12889813,20.497921,23.57068607,11.9,0.8394,24.93975,579.1375,47.33,45.48,0.24,2,11.56,8.22,12.11,0.19,0.53,0.21,6.21,2.08,2.46,0.93,1328.18,5463.17,853.2,293.51,0,1.79,1.07,0,0,0,0,6.28,2.32,0,1.19,4.09,5.43,8.91,0,0.21,1.76,0,1.31,32.06,0,0,1.66,0.27,1.86,0.79,1.51,0.53,0,0,0.8,2.66,0
"2014_Emerald",20.20916335,20.44123506,23.10358566,26.55776892,11.8,0.6209,24.93975,579.1375,49.58,51.68,0.1,1.41,9.01,2.1,5.35,0,0.21,0.33,4.23,0.66,1.85,0.42,850.63,4090.07,507.26,180.11,0,1.36,0.48,0,0,0,0,0,2.19,0,0.99,0.53,2.07,7.16,0,0.6,1.17,0.89,0.55,41.51,0,0,0.88,0.27,3.79,0,1.05,0.36,0,0,0,2.29,0
"2014_Emerald",25.60943775,24.25502008,12.3624498,26.57730924,10.5,0.2709,24.93975,579.1375,45.64,46.3,0.13,0.96,5.79,2.24,8.48,0,0,0,4.52,1.08,0.98,0.15,1293.3,4524.94,282.31,169.46,0,1.3,0.92,0,0,0,0,5.45,1.45,0,0.68,4.64,1.83,1.61,0,0.22,0.94,0,0.65,18.77,0,0,0,0,0,0,0.59,0.43,0,0,0,1.16,0
"2014_Emerald",17.82832202,20.3385063,20.20659554,26.51503395,11.5,0.3727,24.93975,579.1375,48.63,50.18,0.22,0.81,5.2,2.47,4.04,0,0.11,0.14,3.05,0.59,0.94,0.28,832.97,3255.24,421.19,179.27,0,0.79,0.44,0,0,0,0,0,1.46,0,1.14,0.61,0,7.74,0,1.26,0.54,0.36,0.32,30.75,2.2,0,0.78,0.05,3.42,0,0.61,0.35,0,0,0,1.9,0
"2014_Emerald",22.8804903,23.84167518,15.30847804,25.12053115,10.4,0.1734,24.93975,579.1375,49.1,47.88,0.04,0.92,5.5,2.08,5.82,0,0.06,0.14,2.9,0.73,0.97,0.74,1211.26,3540.31,407.16,252.4,0,0,0.49,0,0,0,0,0,1.82,0,0.68,0,1.72,0.72,0,0.14,0.35,0.64,0.25,14.29,0,0,0.29,0,0,0,0.32,0.45,0.08,0,0,1.52,0
"2014_Emerald",20.36310223,21.83548766,20.3266745,27.47003525,11.4,0.4138,24.93975,579.1375,54.79,51.77,0.46,0.86,5.02,0,5.2,0,0.27,0.06,3.97,0.93,1.48,0.44,1179.98,4421.76,726.92,352.56,0,0.72,0.61,0,0,0,0,0,1.5,0,1.54,0.62,3.54,9.45,0,0.64,1.34,0,0.4,52.74,0,0,0.29,0,0,0,0.65,0.41,0,0,0,2.26,0
"2014_Emerald",19.46938776,21.54421769,15.29478458,25.32086168,11.4,0.447,24.93975,579.1375,47.07,47.4,0.04,1,8.42,1.91,5.73,0,0,0.25,3.48,0.9,1.53,1.01,1312.39,4218.12,580.23,346.44,0,0,0.58,0,0,0,0,0,1.39,0,0.86,0,2.27,1.36,0,1.52,1.75,0.22,0.08,33.05,0,0,0,0,0,0,0.19,0.37,0,0,0,1.38,0
"2014_Endura",16.06562194,22.37806072,12.70421156,22.7639569,10.5,0.2751,24.93975,579.1375,43.91,42.7,0.15,1.06,7.61,1.26,3.82,0.22,0.64,0.65,3.28,1.14,1.72,24.77,1043,4771.62,484.68,413.5,5.77,0.57,0.38,0.05,1.23,0.17,0,0,2.43,0.1,0.82,3.37,16.07,35.73,0,1.73,3.5,1.74,1.11,7.63,0.46,0,2.69,0,0,0,0.32,0.48,0.02,0,2.05,4.13,0
"2014_Endura",14.98695247,17.07828518,26.65983225,26.82292637,10.6,0.3747,24.93975,579.1375,40.12,41.77,0.26,0.75,9.34,2.89,6.85,0,0.45,0.33,4.35,1.3,2.15,8.74,1198.8,5609.61,329.01,225.9,0.75,2.49,0.64,0.16,0.38,0,0,2.8,2.58,0.04,2.22,4.52,7.41,20.86,0,5.19,6.7,0.51,5.32,12.01,0.34,0,2.83,0.23,0,0,0.56,1.08,0,0,1.39,3.26,0
"2014_Endura",20.51247401,22.27234927,13.68087318,24.4043659,12,0.3957,24.93975,579.1375,48.56,44.6,0.13,2.3,8.2,8.17,7.4,0.38,0.46,0.66,4.47,1.59,1.99,13.68,1034.75,4962.42,527.49,323.83,4.54,0.52,0.47,0.63,0.39,0,0,3.49,2.41,0,1.19,5.89,17.06,38.03,0,1.91,6.23,0,2.96,8.25,1.33,0,5.38,0,0.39,0.74,0.68,0.96,0,0,1.73,5.5,0.09
"2014_Endura",20.64541833,21.43426295,23.20916335,27.13446215,11.5,0.5499,24.93975,579.1375,47.72,47.12,0.51,0.75,8.1,3.49,4.76,0.5,0.52,1,3.27,0.5,1.83,10.33,972.07,4917.14,310.06,188.47,1.55,1.33,0.28,0,0,0,0,0,2.5,0.05,2.62,1.8,5.71,15.62,0,5.7,5.38,0.12,3.73,11.19,1.09,0,1.33,0,0,0,0,0.85,0,0,0,3.37,0
"2014_Endura",22.95582329,22.97590361,18.48092369,26.37851406,11.2,0.2164,24.93975,579.1375,45.7,47.44,0.17,1.47,6.01,2.09,5.24,0,0.54,0.28,3.51,0.82,1.04,8.15,1053.59,5055.05,387.58,258.25,3.33,1.56,0.36,0.13,0.57,0.08,0,2.46,1.91,0,1.49,3.34,7.55,19.39,0,4.36,7.02,1.58,4.3,11.19,0,0,3.32,0,0.28,0.25,1.12,1.28,0,0,0,3.86,0.08
"2014_Endura",16.80698351,19.22017459,24.08244423,26.14548982,10.7,0.3522,24.93975,579.1375,44.72,44.01,0.04,0.81,6.48,3.79,3.89,0.21,0.45,0.37,2.73,0.37,1.16,11.32,1268.35,5017.01,227.44,190.16,1.76,1.04,0.41,0,0,0.18,0,0,2.37,0,3.25,1.68,0,16.5,0,8.86,6.38,0.51,3.07,7.94,1.71,0,1.33,0,0,0,0,1.02,0,0,0,3.72,0
"2014_Endura",25.90602656,22.57609806,15.6639428,25.57099081,10.9,0.1882,24.93975,579.1375,54.34,49.77,0.1,2.8,9.76,2.24,5.56,0,0.69,1.1,3.44,0.89,1.7,13.1,1521.85,5532.11,482.81,458.88,2.32,0,0.42,0,0.59,0.36,0,0,2.66,0,1.26,1.5,8.58,16.84,0,2.91,8.72,0.8,4.47,11.89,0,0,4.78,0,0,0.4,1.32,1.54,0.2,0,0,5.5,0
"2014_Endura",22.92361927,22.77908343,15.34430082,24.89659224,10.5,0.2227,24.93975,579.1375,48.6,45.34,0.14,1.44,5.13,0,4.37,0.13,0.53,0.11,3.21,0.46,1.05,16.8,1388.55,4903.84,361.89,303.65,10.33,0.35,0.46,0,0.21,0,0,0,1.97,0,1.01,3.33,13.63,33.2,0,3.2,3.85,0,1.55,9.08,0,0,2.89,0,0,0,0,0.8,0,0,0.98,3.59,0
"2014_Endura",16.06235828,18.06349206,21.60997732,23.92290249,10.8,0.487,24.93975,579.1375,50.76,48.62,0.3,1.29,9.84,1.91,5.57,0,0.63,0.73,2.52,0.49,1.34,12.78,1073.8,4087.08,515.34,358.81,1.2,0,0.29,0,0,0,0,0,2.22,0,0.84,2.62,10.63,24.28,0,3.95,8.76,0,3.63,12.36,0,0,0,0,0,0,0.57,1.24,0,0,0,4.27,0
"2014_Farthing",22.37512243,21.19588639,22.28011753,28.14691479,11.5,0.5242,24.93975,579.1375,51.05,49.22,0.48,1.98,10.61,3.5,11.34,0.21,0.01,0.4,6.12,1.88,2.45,5.41,2516.21,6912.79,497.62,252.33,16.23,2.09,1.75,0.13,0.46,0,0,2.3,3.01,0,0.49,5.98,7.03,46.72,0,1.48,5.06,0.52,0.26,13.35,0,0,1.6,0,0,0.13,0,0.04,0.04,0,0.65,1.97,0
"2014_Farthing",26.5666356,24.68965517,16.64398882,28.54520037,11.1,0.3566,24.93975,579.1375,44.69,43.95,0.84,1.89,8.06,5.58,7.19,0,0.42,1.18,3.12,1.43,1.67,15.52,1010.5,3436.65,676.21,220.49,9.44,3.95,0.52,0.03,0,0,0,1.73,1.65,0,0.39,2.52,0,31.2,0,0.57,4.08,0.12,0.5,8.34,1,0,4.33,0,0,0.8,1.41,0,0,0,0,1.98,0
"2014_Farthing",29.40540541,25.55093555,13.82120582,29.28898129,12.6,0.3917,24.93975,579.1375,55.95,51.36,0.07,3.88,9.49,2.45,12.5,0.07,0,0.49,5.5,2.97,1.84,5.42,1711.85,4873.18,577.16,247.24,14.39,2.06,0.92,1.24,0,0,0,12.5,1.57,0,0.45,7.62,20.18,46.19,0,0.2,4.55,0,0.5,7.18,0.84,0,4.95,0,0.08,0.42,0,0,0,0,0,1.63,0
"2014_Farthing",28.29183267,26.60856574,12.67828685,28.74203187,11.3,0.1986,24.93975,579.1375,55.26,50.3,1.5,1.73,9.04,8.93,6.9,3.68,0.28,3.22,3.37,0.79,1.41,9.77,1101.37,3702.62,675.02,313.67,7.68,3.71,0.49,0,0,0,0,0,1.7,0,0.49,1.08,4.27,19.82,0,0.47,3.68,0.88,0.44,12.5,0.86,0,2.58,0,0,1.37,1.03,0,0,0,0,2.4,0
"2014_Farthing",26.98594378,26.04317269,10.47590361,26.37349398,10.9,0.1691,24.93975,579.1375,47.22,46.81,0.09,1.95,5.49,9.54,6.82,0.62,0.29,0.38,3.69,0.41,0.6,21.21,1093.73,3913.71,465.57,219.75,9.13,3.15,0.67,0,0,0,0,0.89,1.51,0,0.36,1.3,2.76,11.97,0,0.68,2.98,0,0.37,8.33,0,0,2.13,0,0,0.25,0.46,0,0,0,0,1.43,0
"2014_Farthing",24.80698351,24.4442289,14.10960233,26.24345296,10.7,0.347,24.93975,579.1375,51.98,48.5,0.69,1.38,7.31,4.48,7.52,0.78,0.09,0.84,3.44,0.84,1.21,7.2,1720.66,4182.36,453.11,237.91,8.42,3.52,0.75,0.2,0,0,0,0,1.5,0,0.64,1.28,0,20.79,0,2.25,3.54,0,0.3,13.55,0,0,3.42,0,0,1.03,0.74,0,0,0,0,2.63,0
"2014_Farthing",25.13381001,24.57303371,10.65474974,25.08171604,10.3,0.1244,24.93975,579.1375,48.46,44.13,1.52,1.48,5.25,3.59,4.82,0.46,0.05,1.53,2.07,0.79,0.79,9.51,1091.65,2910.98,498.99,289.04,7.15,0,0.55,0,0,0,0,0,1.51,0,0.46,0.77,2.17,10.61,0,0.72,1.99,0.53,0,8.37,0,0,1.54,0,0,0.22,0,0,0.01,0,0,1.52,0
"2014_Farthing",28.91891892,26.2573443,13.00352526,28.56991774,11.6,0.2059,24.93975,579.1375,54.41,50.23,0.14,2.34,8.7,0,7.04,1.3,0,0.43,4.18,0.78,1.12,11.48,1928.68,4797.48,745.71,303.03,17.17,2.07,0.72,0.51,0,0,0,0.69,1.39,0,0.41,3.23,11.36,43.77,0,0.57,3.98,0,0.34,16.07,0,0,3.94,0,0,0.21,0,0,0,0,0,2.32,0
"2014_Farthing",26.06122449,25.26870748,11.85147392,25.15986395,10.1,0.2444,24.93975,579.1375,53.77,52,1.67,2.61,7.58,3.17,6,0,0,0.83,2.75,0.97,1.2,35.5,1313.25,3316.38,595.71,266.19,13.35,0,0.44,0,0,0,0,0,1.56,0,0.06,0.57,3.26,13.79,0,1.04,3.63,0,0,10.5,0,0,0,0,0,0,0,0,0,0,0,1.64,0
"2014_Flicker",10.85990783,14.85529954,32.58525346,27.72718894,10.2,0.5885,24.93975,579.1375,58.03,54.04,1.46,0.37,8.54,13.1,13.09,0.13,0.16,0.24,5.12,2.9,2.04,0.58,2789.67,8127.03,135.7,109.8,5.38,3.86,1.32,0,0,0,0,18.98,1.2,0.11,0.04,6.93,13.5,8.99,0,0,10.79,0,1.39,0.9,0.45,0,0.52,0,0.44,0,0.17,0.26,0.08,0,0,1.25,0
"2014_Kestrel",24.24147465,23.49308756,23.53548387,32.53732719,11.7,0.3643,24.93975,579.1375,40.28,39.32,3.35,2.53,17.98,15.29,12.72,0.34,0.16,0.76,7.11,1.81,3.97,1.49,2719.39,8351.9,619.08,333.54,5.97,3.14,1.91,0.11,0,0.37,0,1,2.31,0.05,8.58,3.38,0,41.52,0,2.82,7.61,0.99,0.67,78.46,3.93,0.27,3.32,3.08,0.76,1.23,1.44,0.55,0.03,0,0,0.81,0
"2014_Meadowlark",28.50734574,27.13124388,11.67384917,30.21743389,10.8,0.1962,24.93975,579.1375,50.55,52.21,0.08,0.66,8.37,1.87,8.97,0.73,0.21,0.06,2.16,2.28,1.87,12.65,2346.82,4559.09,400.29,328.11,0.13,7.23,0.83,0,0.42,0,0,5.56,11.04,0.22,3.3,1.94,0,6.96,0,9.87,0.95,0.41,0.83,25.35,0,0.26,1.55,0.49,0.41,0.11,0,0.34,0.03,0,10.47,5.89,0
"2014_Meadowlark",23.77073625,22.73252563,17.8695247,27.96365331,9.8,0.5076,24.93975,579.1375,38.46,42.62,0.06,0.76,6.3,4.24,7.51,0,0.2,0.1,2.13,1.11,1.46,11.18,1481.76,4394.13,351.69,233.96,0,4.96,0.61,0,0.19,0,0,5.09,9.95,0.18,2.47,4.91,7.84,0.45,0,2.95,0.66,0.06,1.09,9.32,0,0.09,2.26,0,0,0,0.12,0.5,0,0,8.06,4.37,0
"2014_Meadowlark",21.30665281,21.94074844,10.65488565,24.32952183,10.6,0.2577,24.93975,579.1375,46.64,45.13,0.24,1.28,7.34,6.19,11.52,0.37,0.41,0.03,3.39,2.83,1.48,35.7,1684.31,4121.95,354.74,283.9,0,7.25,0.61,0,0.6,0,0,11.28,8.66,0,3.79,2.4,19.99,0,0,2.5,0.5,0,1.29,11.46,0.32,0.22,1.94,0,0.43,0,0,0.28,0,0,6.97,5.05,0.06
"2014_Meadowlark",24.85557769,22.87151394,19.71215139,27.26593625,9.8,0.2822,24.93975,579.1375,43.97,46.62,0.56,0.83,7.66,4.28,7.65,0.86,0.05,0,2.14,1.42,1.61,10.85,1887.93,4846.41,319.76,263.75,0.48,5.24,0.7,0,0,0,0,3.06,8.96,0,2.49,2.13,0,5.03,0,5.88,0.99,0.35,1.07,16.84,0,0.1,0.94,0,0,0,0,1.05,0,0,8.1,5.4,0
"2014_Meadowlark",27.57630522,25.02710843,10.27911647,26.24096386,10.2,0.1578,24.93975,579.1375,44.68,48.7,0.04,0.41,5.21,2.02,7.31,0.64,0.24,0,2.69,1.24,1.01,3.63,1666.59,4405.92,329.73,278.6,0,8.53,0.74,0,0.42,0,0,11.23,5.9,0,3.38,0,9.08,0,0,5.68,0.56,0,1.6,13.66,0,0,1.16,0,0.07,0,0,1.01,0,0,4.39,3.91,0.09
"2014_Meadowlark",28.62754607,28.12415131,11.94665373,28.9699321,10.7,0.2045,24.93975,579.1375,49.08,49.85,0.07,0.4,4.86,2.88,5.39,0,0.18,0,1.58,0.92,0.91,8.08,1720.19,3779.47,266.43,259.63,0,7.2,0.57,0,0.43,0,0,0.83,7.24,0,8.67,0.55,0,0,0,18.02,0.82,0.34,0.86,18.02,1.12,0,0.65,0,0,0,0,0.7,0,0,5.98,4.02,0
"2014_Meadowlark",22.71807967,23.69662921,10.69560776,24.64759959,9.6,0.0661,24.93975,579.1375,44.87,43.65,0.6,0.85,6.37,3.53,6.35,0.25,0.34,0,1.93,1.24,1.27,39.75,1831.11,4407.68,345.22,328.94,0,0,0.64,0,0.42,0,0,0.66,9.27,0,4.39,0.53,0,7.42,0,5.5,0,0.73,0.75,17.84,0,0,0.86,0.08,0,0,0,0.56,0.15,0,6.89,3.84,0
"2014_Meadowlark",26.36545241,25.8907168,14.3666275,28.64747356,10.1,0.305,24.93975,579.1375,44.48,44.89,0.53,1.07,9.92,0,9.33,0.48,0.29,0,2.71,1.12,1.71,31.2,1784.48,4758.67,584.92,395.3,0,7.02,0.6,0,0.51,0,0,2.24,9.59,0,2.19,1.9,6.01,1.81,0,3.45,0.61,0,1.5,18.99,0,0.14,2.3,0,0,0,0,0.75,0,0,11.95,6.02,0
"2014_Meadowlark",23.63945578,23.03628118,9.063492063,24.65192744,12.5,0.1614,24.93975,579.1375,44.77,46.13,1.43,0.48,5.48,4.04,4.47,0,0.4,0,1.2,0.78,0.87,78.91,1310.09,3152.68,430.32,330.48,0,0,0.36,0,0.66,0,0,0,7.2,0,2.02,0.26,5.33,0.48,0,3.57,0.75,0.19,0.64,17.1,0,0,0,0,0,0,0,0.39,0,0,6.47,2.42,0
"2014_Primadonna",28.1841332,29.14691479,10.51518119,29.96963761,13,0.2192,24.93975,579.1375,55.49,52.94,3.07,2.07,10.38,4.96,10.38,0.11,0.24,0.32,5.29,2.12,2.1,117.24,2356.11,6121.85,367.37,222.1,1.31,1.05,1.3,0,0.05,0,0,2.53,3.55,0.04,1.54,2.73,3.82,7.64,0,5.55,3.42,0.37,0.18,12.56,0,0,0.77,0,0,0.29,0.66,0,0,0,0,1.69,0
"2014_Primadonna",28.64119292,30.38583411,11.05964585,30.55917987,11.3,0.1806,24.93975,579.1375,45.66,46.75,1.67,2.28,7.47,3.83,10.45,0,0.25,0.73,4.54,2.12,1.54,39.63,1351.07,4528.64,410.55,284.41,0.07,1.62,0.85,0,0,0,0,5.82,4.58,0,0.86,3.65,2.86,15.37,0,0.8,1.97,0,0.37,3.68,0.66,0,3.39,0,0,0.7,1.41,0,0,0,0,1.28,0
"2014_Primadonna",24.98648649,24.55925156,11.38877339,25.90852391,12.6,0.2849,24.93975,579.1375,55.54,49.13,3.08,1.34,10.78,3.25,12.9,0.11,0.13,0.18,6.32,3.28,1.96,78.99,1430.73,5085.42,398.64,236.22,0.36,1.66,0.82,0,0.13,0,0,10.39,2.02,0,1.76,5.39,14.5,16.03,0,0.31,2.46,0,0.59,3.35,0.54,0,2.86,0,0.25,0.24,0.31,0,0,0,0,1.44,0
"2014_Primadonna",28.23007968,27.67629482,11.97808765,28.25199203,12.3,0.2251,24.93975,579.1375,57.74,54.86,1.36,1.79,6.95,2.22,7.61,0,0.09,0.22,4.19,1.68,1.5,14.83,1407.64,5301.23,400.6,267.63,0.46,2.61,0.96,0,0,0,0,2.98,4.14,0,0.84,2.6,4.26,11.56,0,0.44,2.85,0,0.51,6.09,0,0,2.11,0,0,0.23,1.3,0,0,0,0,2.39,0
"2014_Primadonna",24.7560241,22.8564257,10.71184739,24.31526104,11.1,0.2812,24.93975,579.1375,49.94,47.18,0.22,0.86,4.56,2.06,10.51,0,0.66,0,4.65,1.29,0.74,58.79,1277.8,4409.49,296.21,183.53,0.21,1.01,0.79,0,0,0,0,17.04,2.57,0,2.46,0,16.26,5.91,0,1.56,1.66,0,0,4.75,0,0,1.25,0,0.19,0,0.46,0,0,0,0,1.16,0.03
"2014_Primadonna",26.49660524,29.80989331,8.510184287,29.24733269,13,0.1593,24.93975,579.1375,65.6,61.57,0.8,0.71,5.84,2.64,9.45,0,0.25,0,4.68,1.62,0.98,97.71,2041.99,5216.17,199.62,207.84,0.47,1.48,1.1,0,0,0,0,4.81,3.03,0,3.57,2.4,0,3.97,0,6.39,1.92,0.07,0.32,8.64,0.8,0,0.79,0,0,0,0.25,0,0,0,0,1.55,0
"2014_Primadonna",24.80258519,25.99412456,9.086956522,26.2373678,11.7,0.1669,24.93975,579.1375,55.04,51.83,0.84,2.44,8.77,2.73,9.1,0,0.17,0.19,6.16,1.4,1.63,145.67,1710.88,6027.45,458.76,277.07,7.58,1.18,0.87,0,0,0,0,5.39,2.88,0,1.22,4.11,6.8,22.26,0,2.13,2.54,0,0.25,9.87,0,0,1.77,0,0,0,0.28,0,0,0,0,2.2,0
"2014_Primadonna",22.62811791,24.68027211,9.19047619,24.71428571,11,0.1617,24.93975,579.1375,50.88,48.02,3.13,2.59,6.39,4.73,5.97,0,0.54,0.54,2.98,0.78,0.74,220.18,922.49,3517.75,385.08,218.75,2.5,0,0.55,0,0,0,0,0,3.72,0,1.23,0.12,2.74,5.13,0,3.13,1.49,0,0,10.6,0,0,0,0,0,0,0.17,0,0,0,0,0.71,0
"2014_SC",20.75891182,21.0619137,17.90150094,24.60694184,10,0.1691,24.93975,579.1375,48.63,45.97,0.52,0.9,7.92,2.56,7.73,0,0.58,0,5.03,1.18,1.51,18.22,2065.04,6641.36,299.73,204.66,1.31,3.23,2.27,0,0,0,0,2.12,4.14,0.04,6.8,1.59,18.23,8.22,0,1.46,10.36,0.26,0.22,13.83,2.15,0,1.66,1.24,0,0.21,1.7,0,0,0,3.93,4.61,0.08
"2014_Scintilla",28.47903075,25.55172414,19.16309413,30.36439888,12.2,0.3316,24.93975,579.1375,47.32,47.91,0.89,1.34,6.4,4.09,8.6,0,0.09,0.54,3.12,1.03,1.38,0.83,1141.44,3842.42,365.17,136.28,3.87,1.54,0.69,0,0,0,0,3.08,1.39,0,0.1,3.6,4.42,17.47,0,0.05,1.52,0,1.25,1.95,0.47,0,1.23,0,0,0,0.17,0.31,0,0,0,4.93,0
"2014_Scintilla",26.31474104,25.23207171,16.99302789,28.42131474,12.2,0.3603,24.93975,579.1375,58.1,56.7,1.41,1.81,6.9,2.24,6.2,0,0,0.82,2.16,0.9,1.43,0.92,1420.78,3561.84,421.43,182.64,6.33,1.61,0.61,0,0,0,0,0,1.26,0,0,1.72,1.98,14.17,0,0,0.65,1.33,1.61,2.14,0.23,0,0.5,0,0.15,0,0,0.42,0.05,0,0,6.64,0
"2014_Scintilla",32.25301205,28.67871486,13.00301205,29.19779116,11.9,0.2487,24.93975,579.1375,52.56,53.91,0.55,0.87,2.87,1.88,8.7,0.06,0,0.07,2.5,0.86,0.69,1.03,1397.25,3013.97,270.6,134.45,4.3,2.83,0.59,0.05,0,0,0,12.21,0.66,0,0,3.91,4.54,10.87,0,0,0.16,0,1.74,0.71,0.11,0,0.65,0,0.07,0,0.2,1.62,0,0,0,3.21,0
"2014_Scintilla",33.69059166,32.19010669,10.77206596,32.17167798,12.7,0.245,24.93975,579.1375,62.43,60.04,0.73,0.95,5.05,1.52,6.47,0,0,1.18,2.09,1.13,0.94,2.19,1787.46,3159.38,227.06,154.24,5.89,1.44,0.58,0,0,0,0,2.26,0.75,0,0,0.21,0,4.14,0,0.12,0.33,0,1.35,1.82,0,0,0,0,0,0,0,0.42,0,0,0,4.58,0
"2014_Scintilla",28.85188968,29.99284985,13.97650664,28.96833504,11.8,0.1577,24.93975,579.1375,58.1,54.18,3.23,1.62,5.52,2.39,5.34,0,0,0.54,1.63,0.66,0.84,3.4,1898.11,3080.52,264.04,186.82,5.27,0,0.63,0,0,0,0,0,0.96,0,0,0.61,1.16,6.42,0,0,0.24,0.86,0.84,1,0,0,0,0,0,0,0,1.79,0,0,0,3.61,0
"2014_Scintilla",28.81519274,27.33446712,11.25056689,28.55102041,12.9,0.2362,24.93975,579.1375,67.79,65.45,3.66,2.77,5.93,1.8,5.77,0,0,0.84,1.62,0.76,0.84,13.34,1591.8,2665.41,255.19,196.27,4.89,0,0.41,0,0,0,0,0,0.83,0,0,0.09,1.02,4.17,0,0.58,0.64,0.45,1.02,1.28,0,0,0,0,0,0,0,1.36,0,0,0,2.73,0
"2014_Vireo",6.974193548,13.37788018,36.74930876,29.25437788,11.2,0.5751,24.93975,579.1375,54.42,51.6,2.37,1.52,9.26,7.56,11.59,0.04,0.03,0.24,4.44,2.12,2.16,1,2876.78,7360,161.03,149.49,7.02,4.37,1.17,0.08,0.07,0,0,7.02,0.88,0.05,0.23,6.5,3.42,9.65,0,0.61,10.14,0.09,0.29,1.81,0,0,0.67,0,0,0,0,0,0,0,0,0.77,0
"2014_Windsor",6.518761726,12.10037523,32.68855535,26.12195122,10.9,0.8629,24.93975,579.1375,45.53,43.13,0.66,0.53,10.67,6.57,15.06,0,0.2,0.15,4.98,2.7,2.26,0.98,3172.9,8271.21,143.75,137.43,9.77,4.08,2.24,0,0.21,0,0,31.41,0.78,0,0.34,7.89,13.99,17.31,0,0,15.96,0.05,0.38,0.87,0.39,0,1.34,0,0,0,0.12,0,0,0,0,1.24,0
"2015_06-19",24.37106918,24.20754717,15.62893082,27.27672956,8.9,0.3377,25.72,608,53.07,45.97,1.66,4.27,7.01,0.67,2.44,0.08,0,0.51,2.94,1.83,2.61,1.49,958.36,2300.24,186.14,82.6,1.23,0.22,0.34,0.02,0.05,0,0,0,0.55,0,0,0.35,0,1.72,0,0.91,0.33,0.12,0,17.88,0.06,0,0.19,0,0,0,0,0.99,0,0,0,3.7,0
"2015_06-316",18.25786164,20.26415094,18.95597484,25.18867925,9.4,0.4094,20.88,662,49.73,40.35,0.01,0.89,4.21,0.88,3.02,0,0,0.32,2.1,2.17,2,1.73,1354.05,2743.02,198.22,155.66,0.99,0.03,0.53,0,0.09,0,0.01,0,1.11,0,0,0.34,0,4.15,0,10.34,2.52,0.07,0.25,43.7,0.06,0,0.29,0,0,0,0,1.15,0,0,0,3.27,0
"2015_06-498",13.01851852,13.82098765,18.45679012,20.37654321,8.4,0.3934,15.4,762,39.93,40.93,0.16,1.18,3.21,0.91,2.14,0,0,0.05,1.35,1.56,1.79,0,935.1,1946.78,65.45,63.23,0.33,9.14,0.38,0,0,0,0,0,0.63,0,0,0,0.13,0.31,0,0.05,0.6,0.04,1.71,1.89,0,0,0,0,0,0,0,1.55,0,0,0,3.82,0
"2015_07-435",18.83333333,20.40740741,10.41975309,21.28395062,9.4,0.252,16.87,436,51.33,45.37,0.1,1.65,1.9,1.25,1.46,0.16,0,6.24,1.46,1.8,1.59,0,782.7,1515.59,254.03,259.76,0.36,0.28,0.16,0,0,0,0,0,1.16,0,0,0.16,1.85,0,0,0.64,0.34,0.02,0.21,20.32,0.08,0,0.15,0,12.39,0,7.58,1.28,0,0,0,3.64,0
"2015_08-262",24.34911243,22.16568047,11.1183432,24.08284024,9.8,0.2116,21.29,339,53.15,49.49,0.1,0.91,4.17,0.55,1,0,0,1.96,1.42,1.52,2.11,1.74,491.32,1181.43,297.17,108.1,0.6,0.85,0.11,0,0.03,0,0,0,0.55,0,0,0.48,0.7,6.7,0,0.35,1.06,0.05,0.56,3.24,0.39,0,0.33,0,0,0,0,1.03,0,0,0,4.36,0
"2015_08-354",19.40236686,17.15384615,26.04733728,26.39053254,9.4,0.6516,26.31,1131,52.31,46.38,0.02,0.06,3.9,4.76,2.24,0,0,0.14,2.45,1.99,2.11,0,706,2119.1,310.22,151.55,1.48,2.68,0.25,0.21,0,0,0.01,0,1.54,0,0,2.23,1.54,12.51,0,2.3,0,0.02,0.82,25.1,0.3,0,0.1,0,0,0,0,1.01,0,0,0,3.55,0
"2015_09-038",24.43786982,22.92899408,10.63313609,24.24852071,9.2,0.2101,19.81,409,47.03,44.81,0,0.35,9.06,1.03,3.23,0.34,0.2,1.63,5.33,2.32,3.03,29.93,1274.37,2468.88,269.19,245.64,3.5,0.61,0.56,0.13,0.14,0,0.06,0,0.97,0,0,1.44,2.02,8.92,0,1.6,5.29,0.01,0.74,6.98,0.26,0,0.13,0,0,0,0,1.34,0,0,0,0,0
"2015_09-068",19.30246914,20.88271605,14.72222222,23.04938272,8.2,0.2211,18.65,465,44.42,36.29,0.31,0.69,1.8,1.71,1.05,2.57,0.3,0.09,1.17,0.85,1.46,14.89,337.41,1326.86,141.7,47.39,0.71,7.81,0.13,0,0.06,0,0,0,2.39,0,0,0,0.07,0.79,0,0.02,1.5,0.01,0.31,0.62,0,0,0.17,0,0,0,0,1.03,0,0,0,0,0
"2015_09-167",20.15976331,19.74556213,21.68639053,27.13609467,8.4,0.4794,20.6,778,45.01,40.31,0.02,0.2,1.16,1.5,1.08,0.15,0,0.02,1.34,1.33,1.38,0,341,1743.69,153.36,57.11,0.11,0.14,0.1,0,0,0,0,0,1.4,0,0,0.36,0.13,1.5,0,0.48,0.69,0.01,1.05,21.55,0.3,0,0.52,0,0,0,0,1.9,0,0,0,3.41,0
"2015_09-177",21.62721893,21.73372781,15.46153846,25.86982249,9,0.3001,18.13,490,45.21,42.32,0.01,0.77,6.15,0.89,2.26,0.29,0.03,0.61,2.57,1.92,2.65,10.83,1170.39,2067.48,299.24,192.5,6.62,0.48,0.45,0.47,0.04,0,0.01,0,0.79,0,0,1.36,1.53,7.78,0,0.21,2.87,0.05,0.26,0.78,0.3,0.04,0.76,0,0,0,0,1.14,0,0,0,4.5,0
"2015_09-311",13.95679012,18.08641975,11.30864198,18.2654321,7.7,0.2081,14.82,445,44.34,34.41,0.24,0.85,4.87,2.31,3.02,0.24,0.13,0.38,2.3,1.93,2.08,69.33,1121.53,2003.93,171.9,172.48,0.14,0.72,0.29,0,0,0.08,0.02,0,2.35,0,0,0.09,0,0,0,20.12,9.18,0.05,0.38,30.81,0.26,0.31,0.77,0,0,0,7.49,1.06,0,0,0,3.57,0
"2015_09-42",26.13580247,24.68518519,14.01234568,27.55555556,8.8,0.2579,20.33,544,57.03,48.43,0.03,0.68,3.89,3.98,1.99,0.08,0,0.61,1.74,1.81,1.87,24.7,760.22,1825.81,285.52,188.7,0.46,1.65,0.39,0,0.01,0,0,0,0.89,0,0,0.05,0.23,1.1,0,0.03,1.43,0,1.04,0.4,0,0,0.39,0,0,0,0,1.46,0,0,0,0,0
"2015_Arcadia",17.46540881,18.72955975,20.37106918,26.55974843,8.6,0.5638,23.65,762,48.28,39.12,0.76,0.96,4.98,1.08,1.44,0.03,0,0.63,1.14,1.97,2.33,2.47,846.96,1742.1,501.22,323.94,7.94,1.38,0.3,0.22,0.08,0,0.08,0,2.03,0,0,1.03,0.84,7.38,0,0,3.79,0.08,0.2,1.07,0.06,0,0.19,0,0,0,0,0.99,0,0,0,5.92,0
"2015_Avanti",24.80571429,25.30857143,12.66857143,27.90857143,8.1,0.2199,20.26,272,57.08,53.07,0.02,0.49,7.15,9.29,1.57,0.19,0.15,0.58,1.87,2.08,2.61,0.7,816.2,1691.43,412.36,414.17,2.53,2.91,0.28,0.1,0.2,0,0.03,0,0.94,0,0,2.59,6.01,19.9,0,0.45,8.18,0.05,0.46,20.73,0.36,0.07,1.4,0,0,0,0,1.4,0,0,0,5.86,0
"2015_Bobolink",20.43428571,22.73142857,10.17714286,22.70285714,11.4,0.1696,18.44,264,68.7,61.5,0.22,0.94,5.59,5.56,2.18,0,0,1.24,3.31,1.86,2.48,0,726.22,1956.24,359.74,196.47,0.25,1.52,0.31,0,0.02,0,0,0,0.79,0,0,0.12,0.3,2.03,0,0.31,0.57,0.03,0.22,12.9,0.17,0,0.39,0,0,0,7.59,1.15,0,0,0,3.32,0
"2015_Endura",22.48947368,20.04736842,19.99473684,25.2,8.6,0.3191,20.84,472,49.3,41.37,0.01,0.56,4.51,1.56,3.66,0,0.18,0.06,3.59,2.26,2.08,7.38,1105.5,2855.61,193.06,210.9,1.53,0.53,0.42,0.14,0.18,0.06,0,0,1.04,0,0,1.8,3.91,11.7,0,2.61,1.27,0.13,1.84,6.47,0.18,0.06,0.89,0,0,0,0,1.1,0,0,0,4.39,0
"2015_Endura",15.81761006,16.14465409,24.16981132,24.72327044,8.5,0.4859,21.33,772,43.34,34.75,0.06,0.5,4.56,0.78,2.01,0,0.36,0.12,2.98,1.95,2.22,8.97,790.02,2546.55,246.31,227.4,1.75,0.88,0.3,0.22,0.16,0.06,0.01,0,1.4,0,0,1.65,3.6,13.27,0,1.6,5.38,0.13,2.72,6.17,0.2,0.11,1.21,0,0,0,0,1.12,0,0,0,4.7,0
"2015_Endura",14.36094675,17.65680473,19.79881657,22.87573964,8,0.3128,20.38,495,41.85,36.77,0.01,0.55,4.95,2.04,2.7,0.05,0.27,0.25,3.3,2.26,2.48,15.66,992.69,2796.8,288.05,265.84,1.84,1.08,0.35,0.22,0.23,0.02,0.01,0,1.28,0,0,1.35,3.4,12.52,0,2.85,5.02,0.14,3.78,8.4,0.54,0.24,1.65,0,0,0,0,1.29,0,0,0,5.66,0
"2015_Endura",21.05142857,20.76571429,12.13714286,23.63428571,8.7,0.2079,19.41,333,40.66,35.53,0.1,0.55,4.02,4.96,1.59,0.37,0.72,0.5,1.88,1.64,2.08,20.93,727.38,1849.54,260.26,191.48,1.43,1.05,0.2,0.04,0.41,0,0,0,1.28,0,0,0.69,1.54,6.59,0,2.42,6.05,0.07,2.67,6.85,0.17,0,0.72,0,0,0,0,1.34,0,0,0,4.3,0
"2015_Endura",16.7962963,19.11728395,14.53703704,21.01234568,7.9,0.2839,16.56,522,41.05,33.91,0.13,0.37,4.17,0.74,1.48,0.06,0.69,0.3,1.61,1.6,2.14,13.48,765.02,1970.71,302.17,198.02,1.26,1.15,0.23,0.01,0.22,0.01,0,0,1.13,0,0,1.29,2.09,12.84,0,3.76,6.97,0.09,3.16,6.82,0.42,0.07,1.83,0,0,0,0,1.44,0,0,0,4.9,0
"2015_Farthing blue",18.34736842,18.74210526,16.91578947,23.92631579,8.1,0.3296,24.4,545,53.61,45.28,0.04,1.2,5.03,1.29,7.39,0,0,0.14,4.06,3.15,2.17,1.44,1553.83,2470.17,261.58,139.11,7.37,1.55,0.77,0.5,0.14,0.02,0.02,0,0.48,0,0,1.09,1.14,9.83,0,0.01,1.86,0.46,0.2,5.82,0.15,0,0.47,0,0,0,0,0,0,0,0,2.12,0
"2015_Farthing dark",19.92631579,18.62105263,14.81052632,24.11578947,9.7,0.3422,25.44,542,46.86,37.96,0.02,1.61,5.73,0.61,9.81,0,0.07,0.16,4.84,3.78,2.28,8.16,1774.62,2717.74,310.11,174.07,8.57,2.11,0.94,0.58,0.3,0,0.03,0,0.51,0,0,1.6,1.75,13.68,0,0.08,2.12,0.41,0.26,2.91,0.28,0.06,1.38,0,0,0,0,0,0,0,0,3.14,0
"2015_Farthing",24.34736842,21.98421053,13.55263158,26.05789474,10.5,0.3508,25.24,653,59.54,49.59,0.05,0.87,6.4,1.06,7.65,0,0,0.19,4.51,3.33,2.54,0.64,1776.5,2860.58,408.97,250.98,8.65,2.27,0.79,0.59,0.08,0.06,0.01,0,0.42,0,0,3.56,3.91,30.33,0,0.79,1.48,0.35,0.23,7.07,0.34,0.07,2.04,0,0,0,0,0,0,0,0,3.36,0
"2015_Jewel",25.68571429,24.16,16.97714286,27.16,9.8,0.3824,20.84,642,55.5,55.71,0.22,1.75,5.91,8.17,4.6,0,0,0.24,3.5,2.38,2.71,4.93,1441.08,2850.94,191.87,146.36,0.36,4.01,0.75,0,0.02,0,0,0,0.79,0,0,0.19,0.58,1.98,0,0.01,0.7,0.05,1.54,3.74,0,0,0.05,0,0,0,0,1.47,0,0,0,4.35,0
"2015_Keecrisp",21.70440252,19.99371069,10.54716981,22.63522013,11.2,0.3545,30.23,614,60.41,49.54,0.88,0.76,8.86,1.5,3.34,0,0.72,0,4.73,2.53,3.04,0,1094.65,2704.13,432.95,176.38,0.64,0.23,0.46,0,0.36,0,0.01,0,2.95,0,0,0.54,1.5,15.71,0,0.01,2.11,0.17,0.14,21.03,0.26,0,0.9,0,0,0,0,0,0,0,0,6.21,0
"2015_Kestrel",25.18421053,24.62105263,15.96315789,29.15263158,11.5,0.3882,23.98,742,60.23,53.81,0.2,0.81,8.15,0.81,5.5,0,0,0.67,5.26,2.72,2.91,0.11,1590.86,2964.43,229.41,154.17,0.42,0.82,0.98,0,0,0.34,0.01,0,0.75,0,0,1.36,0,12.66,0,3.38,2.28,0.09,0.5,59.57,0.34,0.13,0.62,0,0,0,7.64,1.14,0,0,0,0,0
"2015_San Joaquin",22.95428571,23.24,16.38285714,27.01714286,9,0.3005,22.67,606,50,45.79,0.16,0.07,3.18,1.34,2.42,0,0.17,0.29,2.05,1.74,1.8,23.97,860.93,1885.17,216.6,183.41,1.56,2.29,0.29,0,0.14,0,0.01,0,3.74,0,0,0.74,1.42,6.1,0,1.89,1.45,0,1.07,13.54,0.09,0,0.51,0,0,0,0,1.2,0,0,0,3.75,0
"2015_Snowchaser",21.17894737,22.22631579,19.98947368,28.01052632,11.5,0.5022,17.01,901,72.89,67.41,1.72,0.93,3.56,1.13,2.47,0,0.06,0,2.73,1.73,2,0.64,532.15,2409.19,90.36,50.38,0.36,0.64,0.26,0,0,0,0,0,1,0,0,0.38,0,0,0,5.81,13.32,0.06,0,11.5,0.06,0.07,0.26,0,0,0,0,0.65,0,0,0,3.61,0
"2015_Springhigh",24.67428571,24.86857143,12.96571429,25.82857143,9.6,0.2047,18.14,375,51.52,55.68,0.08,0.72,4.49,4.5,1.48,1.55,0,1.57,1.82,1.51,2.13,0.18,703.19,1755.84,223.2,121.83,1.82,0.22,0.29,0,0,0.02,0,0,0.63,0,0,0.23,0.65,4.17,0,0.02,18.64,0.02,0.19,0,0,0,0.05,0,0,0,0,1.45,0,0,0,3.32,0
"2015_Sweetcrisp",25.71698113,23.06918239,14.81132075,26.12578616,12.6,0.4749,28.25,851,60.46,56.95,0.05,0.43,6.36,0.71,1.36,0,1.07,0.07,3.19,1.9,2.56,0.12,378.12,1892.19,651.61,213.32,0.26,0.24,0.18,0,0.44,0,0.04,0,2.31,0,0,0.37,0.56,9.09,0,0,0.01,0.06,0.03,6.93,0.41,0.03,1.38,0,0,0,0,0,0,0,0,4.45,0
"2016_07-428",26.88352273,27.06818182,18.28409091,31.07386364,10.9,0.2682,25.7,558,45.06,44.11,0,0.39,2.26,0.29,8.19,0,0,0.21,2.59,0.51,0.57,0,1198.19,1753.66,114.15,40.8,0.21,0.58,0.26,0,0,0,0,1.69,0.51,0,0,0.16,0.26,3.24,0,0.25,0.47,0.03,0.67,3.13,0.24,0,0.54,0,0.15,0,0.43,0.49,0,0.0359360730593607,0.14,0.8,0
"2016_08-015",26.07407407,20.86609687,27.39316239,28.62108262,10.6,0.4182,28.28,606,37.78,34.79,0,2.21,4.95,0.87,27.53,3.83,0,0,8.56,3.28,1.28,12.46,4586.08,4391.2,111.02,81.02,0.57,4.92,0.98,0,0,0,0,16.97,1.45,0,0,0.9,0.72,4.32,0,0.48,0.33,0.06,0.38,0.36,0.28,0,0.38,0,0.09,0,0.11,0.13,0,0.0359360730593607,0.19,1.6,0
"2016_08-178",29.24501425,26.82905983,16.52991453,30.05698006,12.2,0.2375,28.42,437,51.39,49.98,0,1.36,6.89,11.95,27.62,0.75,0,0.45,4.3,1.86,1.5,3.1,2683.71,3028.68,270.16,247.45,0.24,0.65,0.57,0,0,0,0,3.14,2.11,0,0,1.6,3.25,11.32,0,0.29,2.63,0.04,0.92,12.24,0.45,0.06,1.01,0,10.89,0,17.69,0.14,0,0.0359360730593607,0.47,2.37,0
"2016_08-180",31.09659091,32.26420455,18.08522727,33.77840909,14.7,0.2453,32.04,525,45.88,46.62,0,0.52,4.55,3.95,17.87,1.24,0,0.13,4.27,0.62,1.28,0.78,1230.58,2323.55,161.16,84.21,0.12,1.4,0.32,0,0,0.03,0,1.4,0.84,0,0,0.35,0.78,5.44,0,0.94,1.65,0.05,0.35,4.29,0.17,0,0.3,0,0,0,1.74,0.14,0,0.0359360730593607,0.21,1.37,0
"2016_09-132",28.91737892,27.45014245,15.23931624,27.47293447,10.9,0.2279,27.73,257,46.08,43.03,0,0.18,8.37,1.15,33.57,0,0.15,0,5.11,1.76,1.97,0,2421.47,2341.52,277.19,207.24,0.11,0.16,0.72,0,0,0,0,2.62,0.78,0,0,0.66,0.98,6.4,0,0.22,0.54,0,0.04,4.17,0.2,0,0.69,0,0,0,0,0.56,0,0.0359360730593607,1.01,1.62,0
"2016_09-167",32.58404558,26.79487179,22.61253561,32.97720798,10.2,0.3808,27.51,669,39.69,36.12,0,0.34,2.6,2.28,11.48,0.88,0,0.27,4.07,0.95,0.55,0.07,1587.64,3110.03,190.64,109.56,0.15,0.16,0,0,0,0,0,2.09,2.42,0,0,0.64,0.32,2.66,0,0.65,0.24,0,0.95,10.08,0.29,0,0.69,0,0.26,0,0.33,1.51,0,0.0359360730593607,2.68,0.28,0
"2016_09-177",30.73579545,30.88068182,22.78125,36.62784091,11.5,0.4257,29.36,726,42.95,42.12,0,0.67,3.68,1.72,14.54,2.47,0,0.29,2.98,0.55,1.19,0.24,1626.36,2065.83,99.47,68.26,1.71,0.45,0.26,0.25,0,0,0,1.44,0.52,0,0,1.11,1.19,5.22,0,0.49,1.61,0.03,0.11,0.51,0.1,0,0.25,0,0,0,0.33,0.21,0,0.0359360730593607,0.63,2.04,0
"2016_09-311",25.83806818,28.03977273,22.46306818,32.59090909,10.6,0.2879,25.12,733,42.5,40,0,0.29,2.74,2.29,9.49,5.33,0.12,0,4.53,0.66,0.84,4.19,1565.26,2398.45,61.11,23.05,0.38,5.43,0.4,0.08,0,0,0,1.9,1.94,0,0,0.15,0.12,0.85,0,0.25,1.2,0,0.29,0.57,0,0,0.11,0,0,0,0,0.11,0,0.0359360730593607,1.27,0,0
"2016_10-229",36.25449102,34.7994012,8.526946108,35.88023952,14.5,0.2253,33.14,202,68.74,69.32,0,0.23,10.45,5.94,20.09,0,0.25,0.39,6.07,2.48,2.51,20.62,1585.68,2875.62,597.6,189.86,0.78,0.37,0.38,0.22,0.42,0,0,1.66,1.56,0,0,0.48,1.36,10.07,0,0.32,0.74,0,0.84,5.22,0.74,0.04,1.76,0,0.21,0,1.94,0.35,0,0.0359360730593607,0.42,0,0
"2016_10-282",33.16477273,30.27556818,22.52840909,34.57102273,12.9,0.4459,34.69,548,56.09,53.95,0,0.24,7.55,2.01,32.87,0.42,0,0.13,5.72,1.38,2.02,1.03,2090.94,3136.68,73.28,45.69,0.38,1.74,0.91,0.01,0,0,0,7.32,0.19,0,0,1,0.81,4.65,0,0.18,0.96,0.01,0.16,0.49,0.09,0,0.3,0,0.13,0,0,0.02,0,0.0359360730593607,0,0,0
"2016_Arcadia",20.43181818,19.63636364,29.97443182,27.83238636,11.3,0.4702,28.05,806,44.79,43.43,0,0.23,3.34,1.35,13.34,0.33,0,0.2,1.72,0.67,0.99,0.68,1496.48,1537.11,113.13,64.21,1.64,0.59,0.26,0.12,0,0,0,1.29,1.04,0,0,0.82,0.43,3.07,0,0.19,1.89,0.02,0.09,0.64,0.07,0,0,0,0,0,0,0,0,0.0359360730593607,1.12,2.58,0
"2016_Chickadee",25.64754098,23.95628415,21.56557377,30.83879781,10.5,0.2565,30.75,546,34.83,30.84,0,0.59,2.65,3.06,6.07,0,0.03,0.23,1.91,0.73,1.12,0,2018.46,1694.37,213.17,144.02,0,0.36,0.48,0,0,0.02,0,0.99,0.58,0,0,0.15,0.41,2.08,0,0.68,2.21,0.06,0.29,0.46,0.13,0,0.39,0,0,0,0.56,0.51,0,0.0359360730593607,0.44,1.75,0
"2016_Endura",21.20491803,21.23770492,14.30327869,23.46174863,8.9,0.2226,21.93,240,32.55,28.73,0,0.28,1.76,2.35,3.52,0,0.37,0.2,2.49,0.62,0.79,10.46,1275.32,2129.61,91.01,94.74,1.08,0.27,0.29,0.13,0.09,0,0,0.92,1.26,0,0,0.53,1.28,3.26,0,1.21,0.99,0.1,0.43,5.09,0.14,0,0.39,0,0.7,0,0.31,0.14,0,0.0359360730593607,2.22,2.81,0
"2016_Endura",19.30681818,21.01988636,22.36647727,26.77272727,12.6,0.4161,26.46,494,45.44,44.31,0,0.34,3.38,3.98,10.83,0,0.29,0.12,3.48,0.58,0.97,4.72,1155.97,2434.58,96.52,83.28,0.83,0.3,0.25,0.07,0.08,0,0,1.5,0.9,0,0,0.67,1.57,4.71,0,1.06,1.86,0.07,0.78,3.94,0.14,0.07,0.66,0,0.22,0,0.39,0.19,0,0.0359360730593607,0.89,1.86,0
"2016_Endura",18.32102273,17.76988636,29.80113636,27.34090909,10.6,0.4425,27.96,685,43.21,40.95,0,0.28,3.53,0.9,13.5,0,0.15,0.09,3.89,0.62,1.11,6.81,2118.98,3445.22,73.26,79.01,0.8,0.73,0.36,0.14,0,0,0,2.56,0.66,0,0,1.26,1.89,4.74,0,0.56,3.49,0.07,0.95,1.61,0.12,0,0.31,0,0.08,0,0.13,0.19,0,0.0359360730593607,0.45,1.85,0
"2016_Endura",31.17094017,27.85185185,20.31908832,31.77492877,12.4,0.2453,25.14,388,51.41,49.61,0,1.15,7.16,4.83,24.18,6.36,0.44,0.58,6.07,1.59,1.69,11.75,3155.47,4006.46,130.45,133.28,2.16,0.58,0.39,0.45,0.1,0,0,5.07,1.49,0,0,1.6,4.19,11.52,0,1.59,1.34,0.09,0.98,1.06,0.22,0,0.41,0,1.29,0,0.5,0.37,0,0.0359360730593607,0.63,2.16,0
"2016_Indigocrisp",35.42215569,36.91317365,7.107784431,32.91317365,15,0.2214,30.86,102,69.87,66.51,0,0.6,16.64,2.23,27.97,0,0.17,1.55,6.48,2.11,3.89,10.26,2956.87,3259.04,493.37,350.52,4.94,0.82,0.48,0.58,0.59,0,0,1.97,2.51,0,0,1.16,6,24.63,0,0.46,1.64,0.04,0.6,8.07,0.87,0.2,2.16,0,0.28,0,1.46,0.13,0,0.0359360730593607,1.31,4.28,0
"2016_Keecrisp",26.68306011,27.2704918,12.34972678,29.52185792,12,0.2399,36.52,406,41.91,38.43,0,0.23,4.68,1.01,11.32,0,0.35,0.24,4.39,0.91,1.79,0.66,1577.94,2067.07,280.65,117.19,0.39,0.13,0.4,0,0.23,0.06,0,1.12,1.69,0,0,0.68,1.53,12.09,0,0.68,2.66,0.07,0.09,12.83,0.22,0,0.64,0,0.19,0,0.25,0.03,0,0.0359360730593607,2.28,3.39,0
"2016_Keecrisp",27.24850299,29.38323353,8.341317365,26.96407186,14.1,0.2284,34.68,174,62.42,59.6,0,0.25,22.08,10.62,58.17,0,0.76,0,14.8,5.79,5.7,1,4323.1,6049.33,633.62,356.54,0.6,0.7,0.95,0,0.44,0.08,0,8.45,3.8,0,0,1.83,4.26,24.59,0,0.67,1.57,0,0.42,25.04,0.71,0.13,1.63,0,0.21,0,0.54,0.03,0,0.0359360730593607,1.99,0.66,0
"2016_Kestrel",25.53551913,27.46994536,20.63661202,32.96174863,11.2,0.2711,28.6,647,39.66,34.12,0,0.71,4.6,1.86,13.08,0,0,0.81,3.88,0.73,1.79,0.03,1863.38,2321.26,189.38,109.31,0,0.32,0.62,0,0,0.09,0,0.96,0.9,0,0,0.69,0.58,7.01,0,0.81,1.71,0.09,0.2,11.46,0.14,0,0.38,0,0.68,0,2.16,0.16,0,0.0359360730593607,0.28,0,0
"2016_Legacy",26.3502994,24.61676647,24.03293413,31.82035928,14,0.4229,27.18,706,56.42,55.24,0,5.55,7.24,8.67,26.22,0,0,2.03,7.14,2.18,2.63,5.42,2674.67,3771.04,174.07,113.35,0,0.65,0.75,0,0,0.02,0,4.53,2.52,0,0,0.45,0.61,5.21,0,0.29,0,0.14,1.17,0.16,0.31,0,0.4,0,0.14,0,3.45,1.32,0,0.0359360730593607,1.55,2.87,0
"2016_San Joaquin",29.41017964,32.48203593,11.33233533,31.31736527,14.2,0.2304,20.58,266,66.99,66.36,0,0.23,8.23,2.15,18.26,3.59,1.33,0.85,4.57,1.42,1.84,129.36,1733.03,2905.45,183.41,186.05,0.48,0.91,0.31,0,0.19,0,0,2.3,6.35,0,0,0.84,2.11,9.32,0,5.23,0.35,0,0.53,26.63,0.37,0,0.22,0,0.11,0,0.23,0.21,0,0.0359360730593607,7.84,1.54,0
"2016_Snowchaser",17.31818182,18.45454545,29.40056818,26.21022727,12.7,0.4427,27.32,975,78.55,79.22,0,0.47,3.35,0,14.98,0,0.05,0.12,3.75,0.67,1.2,0,1432.18,2622.93,91.56,55.16,0.27,0.87,0.43,0,0,0,0,2.96,0.69,0,0,0.32,0.38,2.5,0,0.72,9.01,0.05,0.13,0.95,0.12,0,0.15,0,0,0,0.1,0.19,0,0.0359360730593607,0.18,1.04,0
"2016_Ventura",25.70738636,26.38352273,20.12784091,28.94602273,10.5,0.4812,24.82,872,51.41,52.44,0,0.09,5.9,3.82,19.31,0,0,0,6.4,1.42,1.67,0,1667.62,2621.69,62.43,58.46,0.14,2.13,0.56,0,0,0,0,6.49,0.45,0,0,0.06,0.1,0.52,0,0.09,1.65,0,0.96,1.16,0.14,0,0.34,0,0.05,0,0,0.16,0,0.0359360730593607,0.01,2.51,0
"2016_Vireo",23.66939891,20.94262295,32.23770492,31.7704918,10.7,0.3677,28.86,603,40.89,37.47,0,0.25,2.54,1.33,8.01,0.68,0,0.23,2.05,0.76,1.07,1.52,3320.36,2620.2,44.39,48.27,1.98,1.41,0.58,0.32,0,0.01,0,2.12,0.55,0,0,0.53,0.96,2.84,0,0.55,3.43,0.03,0.22,1.02,0.12,0,0.04,0,0.02,0,0,0,0,0.0359360730593607,0.04,0.24,0
"2017_04-213",25.47557841,23.88946015,24.33419023,33.08226221,12.7,0.794,27.87,977,49.3839269406393,49.0261187214612,1.26200913242009,0.04,5.52,4.13,17.33,0,0,0.15,5.91,0.87,1.72,0,2531.73,4013.87,259.66,141.33,0,1.05,1.05,0,0,0,0,0,1.61,0,0,0.15,0,1.12,0,2.08470319634703,0,0,0.76,20.99,0.53,0,0.24,0,0,0,0.49,0.39,0,0,2.29,0,0
"2017_05-304",21.71722365,22.83547558,9.642673522,25.09768638,10.5,0.3209,26.31,342,49.3839269406393,49.0261187214612,1.26200913242009,0.37,5.46,0.98,7.82,0,0,0.42,2.6,0.65,1.41,8.62,2141.53,2751.86,275,147.28,2.54,0.41,0.36,0,0,0,0,0,2.62,0,0,0.26,0.39,4.67,0,2.08470319634703,0.36,0,0.5,25.91,0.4,0,0.73,0,0,0,0.49,0.41,0,0,1.47,1.38,0
"2017_06-19",28.14888337,27.46650124,16.51861042,30.75930521,11.9,0.3989,27.33,958,49.3839269406393,49.0261187214612,1.26200913242009,1.21,11.05,3.02,24.46,0,0,1.02,5.71,1.02,3.24,3.13,2577.06,2926.31,344.13,214.82,0.84,0,0.43,0,0,0,0.28,0,0.49,0,0,1.36,1.25,5.82,0,2.08470319634703,0,0.07,0,14.71,0.61,0.05,0.7,0,0,0,0.9,0.05,0,0,0.45,1.72,0
"2017_06-354",27.7020202,26.71717172,10.37121212,28.43939394,12.1,0.3332,23.21,418,49.3839269406393,49.0261187214612,1.26200913242009,0.37,7.5,3.06,19.55,0,0,0.69,2.54,1.05,1.9,1.38,1870.99,2236.22,276.46,281.31,1.15,0.52,0.37,0.13,0.05,0,0,0,0.8,0,0,0.67,4.71,10.91,0,2.08470319634703,0.1,0,0.76,15.79,0.72,0.26,1.93,0,0,0,3.53,0.78,0,0,0.38,7.3,0
"2017_06-435",25.98737374,23.16919192,12.12373737,26.94949495,11,0.3181,21.53,244,49.3839269406393,49.0261187214612,1.26200913242009,0.19,6.52,3.36,20.97,0,0,0.78,3.34,1.28,1.61,19.46,1591.72,2351.02,464.72,271.73,0.82,2.26,0.32,0,0,0,0,0,1.38,0,0,0.64,1.44,9.43,0,2.08470319634703,0.71,0.16,0.76,9.72,0.23,0,0.1,0,1.1,0,0.37,0.66,0,0,3.55,5.4,0
"2017_06-498",8.132169576,10.87032419,35.72817955,25.14962594,10,1.2901,23.63,1402,49.3839269406393,49.0261187214612,1.26200913242009,0.27,6.37,10.15,14.98,0,0,0.23,3.37,0.66,1.86,0,1545.72,2821.23,107.09,60.91,1.23,4.69,0.44,0,0,0,0,0,1.35,0,0,0.72,0.82,5.69,0,2.08470319634703,0.11,0.1,1,3.43,0.37,0,0.16,0,0,0,0.11,1.04,0,0,0.71,3.05,0
"2017_08-262",23.78535354,22.42171717,16.84090909,28.08080808,12.6,0.4075,23.65,436,49.3839269406393,49.0261187214612,1.26200913242009,0.91,6.81,0.13,13.65,0,0,2.43,3.76,0.88,1.86,1.47,2072.18,2207.97,349.65,121.06,3.08,0.95,0.43,0.23,0,0,0,0,1,0,0,1.04,1.07,10.26,0,2.08470319634703,1.02,0.08,0.61,6.57,0.48,0,0.74,0,0,0,1.1,0.1,0,0,0.31,2.89,0
"2017_09-311",23.98503741,20.62842893,24.73815461,28.71820449,11.6,0.9427,25.07,1072,49.3839269406393,49.0261187214612,1.26200913242009,0,3.69,0.91,7.07,0,0,0.08,4.13,0.48,1.08,10.74,1517.36,3136.68,127.71,41.41,1.03,7.2,0.53,0.24,0,0,0,0,2.88,0,0,0.33,0.24,3.24,0,2.08470319634703,0.86,0,0.82,2.43,0.28,0,0.32,0,0,0,0.3,0.26,0,0,3.05,1.32,0
"2017_10-144",27.53598015,27.9751861,13.90074442,30.26054591,12.3,0.336,27.31,382,49.3839269406393,49.0261187214612,1.26200913242009,0.42,9.99,5.2,24.5,0,0,0.47,5.53,2.43,3.33,1.67,4001.12,4227.78,264.59,289.42,0.91,2.67,1,0,0,0,0,3.26,3.16,0,0,8.26,4.01,15.7,0,2.08470319634703,2.59,0,1.02,30.57,0.52,0.14,0.99,0,1.08,0,4.81,0.57,0,0.09,3.09,4.48,0
"2017_10-186",18.31741573,19.6011236,19.19101124,25.65168539,13.7,0.6015,20.8,561,49.3839269406393,49.0261187214612,1.26200913242009,0.42,6.77,0.31,16.63,0,0,0.23,2.22,1.03,1.95,0,1144.35,538.64,29.16,49.73,0.23,0.4,0.5,0,0,0,0,0,2.06,0,0,18.23,0.66,2.78,0,2.08470319634703,0.84,0.15,0.32,9.14,0.23,0,0.12,0,0,0,0,0,0,0,1.51,0,0
"2017_10-219",31.94513716,33.88528678,8.865336658,34.18453865,14.7,0.2166,26.49,239,49.3839269406393,49.0261187214612,1.26200913242009,0.51,5.3,4.79,10.42,0.48,0,0.38,3.09,0.61,1.63,52.58,1125.08,2170.93,178.14,118.55,0.68,0,0.36,0,0,0,0,0,0.85,0,0,1.04,2.87,13.03,0,2.08470319634703,0,0.06,0,23.33,0.42,0,0.39,0,0,0,0.14,0.04,0,0,0.25,1.08,0
"2017_10-252",24.81141439,24.29528536,12.68734491,27.42431762,9.7,0.6678,26.16,789,49.3839269406393,49.0261187214612,1.26200913242009,0,11.47,0.95,16.56,0,0,1.45,7.06,1.85,3.79,0.41,2888.9,3983.52,434.3,269.7,0,0.24,0.74,0,0,0,0,2.97,1.83,0,0,1.01,1.3,9.43,0,2.08470319634703,0.07,0,0.44,9.79,0.79,0,0.75,0,0,0,2.59,0.26,0,0,1.48,2.27,0
"2017_11-146",11.48138958,14.66997519,25.49379653,22.25310174,9.7,0.6734,26.73,784,49.3839269406393,49.0261187214612,1.26200913242009,0.32,11.37,1.43,26.94,0,0,0.15,6.35,1.84,3.35,33.2,3882.25,4070.58,532.73,303.37,0,1.95,1,0.19,0.05,0,0,3.42,3.02,0.1,0,2.06,1.94,10.43,0,2.08470319634703,2.85,0.08,0.65,0.52,0.61,0,1.05,0,0.71,0,0.25,0.09,0,0,0.55,5.64,0
"2017_11-161",24.02493766,25.05486284,15.28927681,27.14713217,11.9,0.3561,20.09,416,49.3839269406393,49.0261187214612,1.26200913242009,0.01,14.89,4.75,37.73,0,0,0.33,6.85,1.81,5.08,0,4788.5,4023.53,234.83,197.39,0,0,0.83,0,0,0,0,0,2.75,0,0,0.27,0.64,3.3,0,2.08470319634703,0,0.05,0.35,6.47,0.38,0,0.27,0,0,0,0,0.03,0,0,2.06,1.36,0
"2017_11-35",21.62034739,20.34491315,24.66997519,30.41935484,12.4,0.8689,30.11,970,49.3839269406393,49.0261187214612,1.26200913242009,0.32,10.14,7.98,27.24,0,0,0.27,10.42,1.87,3.44,1.18,3228.92,5339.87,234.12,157.03,0,0.52,0.72,0,0,0,0,2.77,2.3,0,0,0.37,0.24,2.07,0,2.08470319634703,1.6,0.1,0.41,3.39,0.32,0,0.15,0,0,0,0.52,0.08,0,0,1.75,3.01,0
"2017_98-325",25.13131313,20.74747475,15.51010101,26.08838384,11.7,0.3663,28.05,409,49.3839269406393,49.0261187214612,1.26200913242009,0.18,7.78,0.37,14.41,0,0,0.33,3.67,0.97,1.96,0.89,2150.07,2352.4,355.64,134.46,4.54,1.35,0.49,0.56,0,0,0,0,1.33,0,0,1.55,2.29,21.38,0,2.08470319634703,1.44,0.05,0.81,4.03,0.74,0.09,2.35,0,0,0,0.32,0.09,0,0,1.72,1.44,0
"2017_Avanti",22.53984576,24.32647815,21.27506427,31.17994859,12.3,0.5997,28.29,549,49.3839269406393,49.0261187214612,1.26200913242009,0.06,13.36,7.87,37.81,0,0.45,1.04,3.93,2.98,3.31,0.28,1085.14,2112.31,859.25,586.96,5.2,1.07,0,0.27,0.04,0,0,0,1.1,0,0,19.01,37.12,80.45,0,2.08470319634703,0.99,0,0.5,17.08,0.84,0.48,3.11,0,0,0,0,0.36,0,0,1.15,4.93,0
"2017_Endura",13.92518703,14.83541147,32.26433915,27.0074813,11.9,0.9732,25.84,910,49.3839269406393,49.0261187214612,1.26200913242009,0,7.27,2.02,13.11,0,0,0.34,4.82,0.78,2.56,1.83,1502.38,3801.24,228.7,133.74,1.96,0.49,0.37,0.36,0,0,0,0,1.36,0,0,2.93,6.27,28.2,0,2.08470319634703,2.43,0.33,3.09,11.09,0.61,0.05,0.95,0,0,0,0.5,0.72,0,0,1.73,5.19,0
"2017_Farthing",20.91573034,20.20505618,22.92977528,28.21348315,14.6,0.6782,25.93,618,49.3839269406393,49.0261187214612,1.26200913242009,0.68,8.83,0.37,15.64,0,0,0.78,5.61,1.62,2.92,4.98,2016.41,3181.43,355.03,143.6,9.5,0.79,0.63,0.6,0,0,0,0,1.11,0,0,2.91,4.2,37.84,0,2.08470319634703,1.18,0.16,0.5,6.79,0.68,0.03,1.06,0,0,0,0.23,0,0,0,0.23,2.07,0
"2017_Keecrisp",22.11825193,24.22622108,7.920308483,24.1285347,12.9,0.3703,36.53,421,49.3839269406393,49.0261187214612,1.26200913242009,0.46,8.19,3.65,13.7,0,0.51,1.06,2.58,1.43,2.22,3.96,921.79,1568.15,831.73,386.44,2.17,0.65,0,0.12,1.05,0,0,0,4.06,0,0.16,1.49,5.77,28.63,0.75,2.08470319634703,0.58,0.17,0.47,23.81,0.74,0.12,1.41,0,0,0,0.49,0,0,0,3.44,5.91,0
"2017_Kestrel",29.56812339,26.80719794,16.4344473,33.01542416,14.2,0.5661,27.59,705,49.3839269406393,49.0261187214612,1.26200913242009,0.4,14.73,9.13,34.14,0,0,2.33,7.23,1.77,3.94,0,3789.28,4003.27,543.58,479.39,0,1.52,0.86,0,0,0,0,0,1.77,0,0,2.71,5.88,25.54,0.96,2.08470319634703,0.56,0.09,0.84,71.28,0.8,0.46,2.49,0,0.95,8.02,8.01,0.39,0,0,0.84,1.42,0.32
"2017_Patrecia",25.95707071,24.48737374,17.13131313,29.66161616,11.4,0.507,24.47,637,49.3839269406393,49.0261187214612,1.26200913242009,0.01,12.34,0.46,24.6,0,0,0.59,5.08,1.62,3.29,0.23,4550.98,2905.63,398.99,278.36,1.52,0.2,0.68,0.23,0,0,0,0,1.32,0,0,1.54,2.57,9.9,0,2.08470319634703,10.59,0,0.44,6.76,0.29,0,0.21,0,0,0,0.62,0.46,0,0,1.47,4.84,0
"2017_Primadonna",20.29213483,21.41292135,12.12921348,24.32303371,11.7,0.3316,22.23,343,49.3839269406393,49.0261187214612,1.26200913242009,1.63,7.68,0.91,11.69,0,0,1.39,3.43,1.34,2.39,106.38,1703.34,2642.58,552.7,365.58,0,0.87,0.32,0,0.02,0,0,0,5.33,0,0,0.66,2.62,9.88,0,2.08470319634703,1.54,0.12,0.46,8.17,0.62,0.12,1.16,0,0,0,2.07,0,0,0,1.9,2.49,0
"2017_Snowchaser",19.88483146,23.65168539,16.46067416,27.6994382,12.9,0.5951,19.07,692,49.3839269406393,49.0261187214612,1.26200913242009,0.67,3.6,0.06,8.56,0,0,0.11,3.2,0.66,1.2,3.67,1125.77,3134.1,115.48,52.23,0.43,0.73,0.33,0,0,0,0,0,2.13,0,0,0.34,0.55,5.19,0,2.08470319634703,15.73,0.07,0.11,16.09,0.33,0,0.3,0,0,0,0,0,0,0,0.47,2.09,0
"2017_Sweetcrisp",27.01123596,25.83988764,12.03089888,28.3988764,14.6,0.4167,33.31,454,49.3839269406393,49.0261187214612,1.26200913242009,0.26,8.46,1.38,9.74,0,0,1.07,4.86,1,2.59,2.15,903.14,2668.29,611.88,201.37,0,0.71,0.21,0,0,0,0,0,4.07,0,0,0.29,0.6,7.67,0,2.08470319634703,0.23,0.13,0.43,12.32,0.47,0,0.43,0,0.81,0,1.17,0,0,0,1.34,3.74,0
