sequencingID,liking,sweetness,sour,umami,intensity,Soluble solids,citric,malic acid,glucose,fructose,glutamic acid,1-nitro-2-phenylethane,1-nitro-3-methylbutane,1-octen-3-one,1-pentanol,1-penten-3-ol,1-penten-3-one,"2,5-dimethyl-4-hydroxy-3(2H)-furanone",2-butylacetate,2-ethylfuran,2-isobutylthiazole,2-methyl-1-butanol,2-methyl-2-butenal,2-methylbutyl acetate,2-methylbutyraldehyde,2-phenyl ethanol,3-methyl-1-butanol,3-methyl-1-pentanol,3-methyl-2-butenal,3-pentanone,4-carene,6-methyl-5-hepten-2-ol,6-methyl-5-hepten-2-one,b-cyclocitral,b-damascenone,benzaldehyde,benzothiazole,benzyl alcohol,benzyl cyanide,b-ionone,butyl acetate,cis-2-penten-1-ol,cis-3-hexen-1-ol,cis-3-hexenal,cis-3-hexenyl acetate,cis-4-decenal,eugenol,geranial,geranylacetone,guaiacol,heptaldehyde,hexanal,hexyl acetate,hexyl alcohol,isobutyl acetate,isopentyl acetate,isovaleraldehyde,isovaleric acid,isovaleronitrile,methional,methylsalicylate,neral,nonyl aldehyde,p-anisaldehyde,phenylacetaldehyde,prenyl acetate,propyl acetate,salicylaldehyde,"trans,trans-2,4-decadienal",trans-2-heptenal,trans-2-hexenal,trans-2-pentenal,trans-3-hexen-1-ol
TS-501,-0.324839251643402,-0.093961752495906,-0.687334628555703,-0.465897091427051,-0.112673149290346,-0.199437650593884,-0.717542790208406,0.86324491809282,0.136077981454889,0.174879311961632,-0.314566353786838,-0.266508903471062,-0.714026172876159,-0.285661309242688,-0.055753591717138,-0.923791651884819,-0.621701032309064,0.295377844427443,-0.191596409112606,-0.572334308562077,-0.70308820006522,-1.04464836442531,-0.928462471014788,-0.821914659296538,-0.81833356086919,-0.141109740724158,-0.421467873264548,-0.610632811119768,-0.361550314381292,-1.06361176376326,-0.721002485078834,0.102278782959656,-0.580836119602349,-0.679971435549386,-0.379349165991638,0.515259759457754,-1.01621312480217,-0.347570726415634,-0.176193147058295,-0.824951676740286,-0.393946419147374,-0.948955877958297,-0.58424708099219,-0.679949155283309,-0.414283959915152,-0.001307214767635,-0.821938544471928,-0.405254906743293,-0.270095128804531,-0.779962773822988,-0.474853915793583,-0.687682259494417,-0.868221270424936,-0.458317778181387,-0.970977621477147,-0.45021792882471,-0.502237862008542,-0.567986646086948,-0.670927107860686,-0.375369713707662,-0.776300045262495,0.501694558712164,-0.64726594690203,-0.024340596667536,-0.299966069784166,-0.435322585871636,-0.786525720444496,-0.167853766903953,-0.4431305972472,-0.489299706348419,-0.540865643722539,-0.684532777248009,-0.08480474529596
TS-502,0.620108060034574,0.870823502273007,-0.464712403329167,-0.006388545693559,0.873502390768637,1.0618058859869,0.877305902819762,-0.581918188578352,1.41957143870132,1.77327046960165,-0.552749588345605,1.43008686617736,1.57284020803629,0.4317504156577,1.74351137821393,2.07826006272782,1.30816543078786,1.47125265728779,-0.69221781220949,-0.186899829685841,0.929644986847436,1.37669387463525,0.383037086913159,-0.302304689309967,-0.454477396415702,-0.291104087578952,0.268993948888625,-0.725275136425991,-0.02570068032057,2.27235517792884,0.854390040795311,-0.419948842269325,-1.5570585440983,-1.03586967692669,-0.348464014869517,-0.691129698648054,-0.498169893519182,0.129010399146197,0.343368308468949,-0.157664864446709,-0.497632172499958,1.17562319633008,1.19983942990365,1.33142089413607,-0.137604971465352,1.4661411031226,-0.40423517721796,-1.60704905763336,-0.785126360179828,3.14006446256443,1.43147322915414,1.35681703639442,-0.14935794330065,0.614774549410907,-0.026238464935886,-0.447303479029433,-0.106020191172073,1.99944686657789,1.87203723132731,0.248548348264805,1.71648275295365,0.712311995972463,2.59350392942902,-0.484278205441317,0.149890973524309,-0.187050865911721,-0.662365448381313,-0.607718381396016,-0.638098830930371,1.75499178985875,1.28168379168782,1.76645916761084,1.275856201712
TS-503,-0.887782774579214,-0.800659976466974,-0.652493045115976,-0.455571399850715,-1.21228491979488,-0.668361529740745,-0.242727292359388,-0.382262850943922,-0.778954017279914,-0.323752966405206,-0.471211248551547,-0.657033005431707,-0.093785992042707,-0.435227693164186,0.663657052472188,0.114410273203597,-0.474873519916283,-0.590898497926808,-0.236697236745915,-0.059370917703925,-0.230824051772961,-0.157941529013919,-0.156656347190293,-0.368746927864501,-0.694310461408193,-0.329570721375623,-0.309795505487429,0.07314121706681,0.46322851188446,0.067832560465613,0.16062305791138,0.159965904782777,0.963074763708268,0.694304679902894,0.278350140426372,-0.834761443096798,-0.026268980630694,-0.561798602581318,-0.396451344063983,0.097206997859102,-0.27867613966377,0.161699931355057,0.906483608480126,0.046613396586426,0.124695955553116,-0.02090510808027,0.549455331993322,1.00611020267104,-0.106155755421718,0.75420170548367,-0.532296178652554,0.537764386300525,0.391370674819168,0.458290917500021,-0.340496807128305,-0.487294393082175,-0.490433993289562,-0.437465746780592,-0.272053136867539,-0.095689771789965,-0.509849156515256,0.181375181434102,0.015971579438112,0.214890094697557,-0.480621369826171,-0.150101358534196,-0.464004488634752,0.62983497503317,-0.245394310956535,-0.683934255664437,-0.571693509229561,-0.809302369607033,0.084700021431439
TS-504,0.47989392425539,0.907279444719849,0.222066041655629,0.54211795667131,1.04649553677903,0.404235008525832,-0.169944909745269,1.45783626870521,0.269926874727942,0.662048583000539,-0.198594521903752,-0.517641449897826,0.267300166798854,-0.146394850605323,0.125914244439085,0.152405381218058,0.144867249971976,0.119659528641049,-0.351227064009033,-0.226098668899842,-0.009489877628373,-0.733224532688872,-0.747224031522876,-0.368211079447529,-0.911571457806503,-0.330814206442486,-0.039064806169541,0.527801379527546,-0.089980579941834,0.204137006778495,0.777964644753143,-0.044802249593557,-0.199619097299848,0.458768795428395,-0.098666069687894,-0.198145273179389,-0.261215949467683,-0.303670784482309,-0.366688878057541,0.463521749352874,-0.05483776957059,0.028810468765016,0.143983795019071,-0.069647746853475,0.390209247283559,-0.030905405783234,-0.518956520176827,0.103230964290139,-0.050775590488346,-0.06153711299728,0.052053672797192,-0.063196568041878,0.478301629413433,0.202672628074376,-0.569343060081683,0.293202388996492,0.015263488781643,0.277953253836188,0.218522542246601,-0.261461113026474,-0.584199360449567,-0.144790735853919,0.195192148506627,0.699249661665667,-0.515340922082522,-0.081256743811994,-0.395287323833362,-0.408350972259331,0.348583106803209,0.132051196075329,0.025803828199568,0.578758351489558,0.027820054024039
TS-506,1.45549626311221,2.42441337620666,-0.754732826689371,0.358930345658615,1.45681830362593,3.06685971369513,-0.298238195775479,-0.609668737064277,2.83400161547475,3.01910482410522,0.01045561596613,0.631183479838225,0.744487083766673,1.01477966660267,1.49391057506321,1.30995998128152,2.32513446041215,2.95687419803184,-0.708161967222081,-0.387185665538386,1.65050953256527,-0.469425934652132,-0.906821498552328,-0.492179444639323,-1.3504735424855,-0.314692219590703,0.145024467590878,-0.659385240377697,0.928520808748412,1.12161801169419,0.56848259549699,1.4787765092446,1.5554191399169,2.94914573332608,-0.398731442451772,0.261077242361722,-0.619918958109825,0.04804238739993,1.32851979447217,2.99417760933187,-0.695924990395188,0.380819025469854,3.40872014441974,0.974436325826473,0.865662420620895,1.0833503799262,-0.121653195817878,2.69114327703292,0.384519709886046,0.096652830628366,0.886148243730987,1.55323796510592,2.01223013568031,3.80648604049341,-0.676327558529232,0.3275479115629,-0.063924938059105,-0.039035753954992,2.09859753654436,0.230858111397352,0.64388198950711,0.592462802758239,1.65696807842398,0.65492992554332,-0.245800100505438,0.439992831745717,-0.679046405046688,-0.699404772034993,0.290505735549657,4.29168207314095,2.82325974532309,3.95911505212833,1.73631870688167
TS-507,-0.408720444165541,-0.737217726425248,-0.817693443371582,-1.16926945414349,-0.812918698546575,-0.425814695297808,-0.255004325967722,-0.187006558341089,-0.64805558836232,-0.124346452623529,-0.577706830572775,-0.787947126045308,-0.617190147783973,-0.393604686691993,0.915492634228971,-0.219003404904513,-0.340864642872787,-0.536807793256466,0.231796021704214,-0.438099354132048,-0.614087174958321,-0.747019904530575,-0.362210917296014,-0.42480831116512,0.306455657644202,-0.264118301991051,-0.266476264424992,0.065245635760141,0.069468346273577,1.29868256907452,-0.364608872774608,-0.240361513163759,0.155073252813827,-0.317158424360816,0.904268848825043,-0.836483647251231,-0.057365709408876,-0.095028050061993,-0.47777190879234,-0.661517036569139,0.415771385775737,-0.228321540954518,-0.473065830239416,-0.375247604339328,0.497676393599941,0.164687186662314,0.809885036960757,0.00635898100659,-0.26302315886018,0.124313145565771,-0.354352812578371,-0.80735085626356,0.00522055567704,-0.590214955211345,-0.357786183856849,0.295825433647373,-0.138442116278122,-0.3463729267631,-0.607182751167554,-0.108886256245332,-0.462720990658937,-0.11984238205069,0.824831041703094,-0.236231952202361,-0.436440677783583,-0.51725658985161,0.605215120942441,1.1628775531904,-0.376148488094397,-0.77552061148187,-0.632379813347371,-0.826817813313468,-0.350383962712147
TS-508,3.29917063752739,2.22392163832679,1.23490542719882,0.786425219219253,2.14849523736693,3.29323675839905,1.13416661963584,-1.03660022937017,2.52704517740503,2.47322165165719,0.387139881621416,3.42168932130167,0.025271378632866,2.25722581787407,1.44753090776,0.229446835256692,1.8930209533406,2.74925742747869,-0.694231558493843,-0.239708125704583,3.68435768676111,0.70447870792757,0.51071741973338,-0.909446753038884,0.312224082811579,9.26336522163444,0.526959745284818,1.32278675016582,0.126736505261191,2.73950660517104,-0.146525419382095,2.35049776251174,2.11474440607215,0.81929688303064,0.122701403735622,4.06598452659087,0.219003355172719,0.26413526862322,10.3896261202111,2.53603920639448,-1.29814633179113,1.01801289012152,-0.060466786438677,-0.187578255005589,1.02000522766155,4.03072152829606,-0.830440186005054,1.25147212052207,1.87472573264526,-0.745262733912532,0.366123471926106,-0.311508451837293,-0.887227205045212,-0.55578215064819,-0.835052775820853,-0.741911489136511,0.58528762940582,3.25207688325049,3.24749693648094,1.75360982404752,-0.775454978968581,2.42605157416542,8.28008085795742,-0.444510904746356,9.92142542637698,0.145466640183312,-0.964566690450014,-1.27760830058603,0.619354901146186,2.17985088228025,-0.423576027220343,0.714301436192854,2.14699163087296
TS-509,-0.105721034442712,0.957859330711079,-1.63975372020767,0.002459224352776,0.698141149125157,-0.878568785675844,0.102996560461552,-0.460242715048594,-0.273259168349465,-0.165356086897974,-0.739248347841313,-0.053488764582228,-0.410883153480056,-0.57428924287824,-0.338178692391707,-0.811742794250255,-0.457307616720323,0.118055722762179,0.465068943979112,-0.143271489454836,0.629266836397495,2.72598318831138,1.18574445809777,4.30536004036832,-0.236312817666206,0.539399505497484,0.090921597370148,-0.623164934172231,-0.115566592843618,-1.1843965402487,-0.413467022370088,0.165324437246046,-0.341589444410076,-0.598445642630055,-0.064612657425171,0.957818691389463,-1.20403480826273,0.5048738338625,-0.158027433837182,-0.040327395727271,0.745915323594841,-0.615017001429808,0.695875995280816,0.426033770566242,0.714057612571623,0.170759741295232,1.70908859371059,-0.239257137257408,-0.110431566204702,-0.355594344039843,-0.274317552700898,0.814987757385285,0.832562560418566,0.66622971183318,3.03896395699683,0.867056807176175,-0.371134277042504,0.097919333118207,-0.371506988847528,0.248161785081356,-0.29587600855067,0.69854848449208,-0.280967421100361,-0.276230519455451,1.13350810842035,-0.548575208190333,0.545794292991221,0.211404899851043,-0.314727048266312,0.272055227563001,0.199459908763569,-0.133442070826394,0.095762029938243
TS-510,-1.32970170083719,-1.90889970697871,0.277722110598281,-1.07732831497119,-0.94561680857327,-0.361135540222508,0.21249554704423,2.15257802800354,-1.24038498620505,-0.840670395791186,-0.217355345280501,-0.801612206247725,-0.608134678636355,-0.42687598398576,-0.79984096098776,0.318970040519698,-0.304979195559258,-0.977477019212734,-0.397671989792235,0.403517103069122,-0.167049908143482,-0.375765579178111,0.100141613534492,0.512833488784748,1.35029633246756,-0.355854957060204,-0.693899638331447,-0.358954876341178,-0.393622476617745,0.715990980378278,0.353385020848401,-0.988775576011295,-0.110588211785691,0.064257825241751,-0.429683742259752,-0.51094913979854,0.745577247123253,0.087841555975926,-0.443640104408839,-0.45613760656819,2.23646725388645,0.210165729220112,-0.558454640709025,1.86503211217061,0.210567944613278,-1.1946070278123,1.66711319579232,-0.174213975401515,-0.276305032157743,0.030656984689137,-0.250731595682232,1.616506601155,0.797348223483605,-0.557454290178168,-0.084095594151985,-0.293292592142071,-0.142563081761089,-0.087980875225693,-0.375034976372821,-0.257567803816346,-0.519802253561214,-1.09790712880722,0.656924015032023,-0.552177292794076,-0.439100510967619,4.67493227617838,0.225917680241387,0.319569100478215,-0.634430094299463,-0.806960443660521,-0.150994452000206,-0.606001281972515,0.189980344746744
TS-511,-0.53539816348469,-1.60437455841202,1.02628649037916,-0.953189248325739,-0.358416102567173,0.285656017321802,1.83222690467379,-0.460242715048594,-0.334602127590713,0.227426057389813,-0.355507996170994,-0.806903157149004,-0.750910860679024,-0.751887206888219,-0.578953632129837,0.443761470140162,-0.316450641983409,-0.716039513035321,2.84975914559929,0.12449579475107,-0.778571752946683,-0.2476150993296,-0.401347180357258,0.929133493077745,0.106278290888337,-0.360177615986411,-0.577000716217496,0.383037595532956,-0.121087095254296,0.898805131211968,-0.417697435920457,-0.900248996544274,-0.532952550390539,-0.947338244663657,-0.154421124488326,-0.433352743086355,1.06511554252765,-0.548292219670475,-0.498035405481755,-0.762158074287173,1.88709647526813,0.494659313413373,-0.400690068660406,0.787578178511815,0.952142065883954,-0.701981991064644,2.13845596179925,-0.441413637490972,-0.043269878890438,-0.294237362025408,-0.386042562257544,0.315902881213306,0.634674451042122,-0.548825806812516,0.682995109263611,-0.019133367842882,-0.385156326931188,-0.215763895091466,-0.615440673245288,-0.256530540649451,-0.457847672011424,-0.803388824528994,-0.509905850407515,-0.390000409352779,-0.445211155540287,4.74958129283409,-0.141281521707802,0.536538453368893,-0.457511518821039,-0.64734546972628,-0.018755051150372,-0.39625528015693,0.123196186123566
TS-512,-0.131398950520918,-0.958072414576664,0.23643323742985,-0.012581983723247,-1.15366029439938,-0.716870896047219,-1.21765881572248,1.3243309307156,-0.64415588907203,-0.952366340237189,-0.320975985466465,-0.384086119954751,-0.777634904363364,0.203614264146729,-0.645619371925166,-1.57282500740153,-0.878730573496253,-0.582120808854716,-0.34540997958168,-0.536531181934593,-0.915689700740757,-1.00485749866721,-1.06697804556178,-0.857363112297128,-0.559934846892088,-0.061941378688317,-0.586198349947666,-0.898324153585092,-0.683327930652739,-1.74822382635337,-0.90010083039592,0.511178775357972,-1.05172661136175,-0.766750387428884,0.128243579019983,-0.632628919832319,-0.71987621391384,-0.586835798571911,-0.163042484980967,-0.699550458299459,-0.717666565564511,-1.54614916325665,-1.24722361076076,-0.996394208891223,-1.58101525477348,-1.46554945665635,1.75301125090617,-0.858148159470676,-0.56181271574014,-0.280710902791333,-0.574167016778586,-0.977980851146533,-1.01962625098566,-0.637235533753658,-0.927716605947552,-0.579404112769709,-0.698419656222877,-0.696628715136861,-0.740393196355217,-0.302762817660554,-0.69282538062428,1.40208504734037,-0.888544540548958,-0.077630894865293,-0.466206085085443,-0.340330068697346,-0.876309071221657,-0.040906475441992,-0.480550751476154,-0.603787418533849,-0.744844208004977,-1.29319486203051,-0.764074877958535
TS-513,0.084178826424409,0.595219674531473,-0.920832195758839,-0.477666326348211,-0.624767898375927,0.36650496165102,0.065179810341362,-0.488788510060825,0.215397928521017,0.536643444684625,-0.686033645339815,-0.747534565472559,-0.668081596800075,0.039439957416414,-0.196691395675786,0.718713873386901,-0.180129253542797,-0.254127078763097,-0.193030372057939,-0.137705019141727,-0.532996259285386,-0.656992064454857,-0.443217119308698,0.157179994504888,-1.18806986415272,-0.356742425018309,-0.607314823265494,-0.046584940782706,0.39166178248077,-0.699904303000618,1.31947796307152,-0.328951633089291,0.570921502980736,-1.09830893664646,0.036656999025002,-0.574904130295276,0.223710230587823,-0.530571052646694,-0.365908873596489,-0.564276953591579,2.98618143054295,0.373218170297456,-0.230625440600486,0.487697858896726,1.17356505342616,-0.081372071016548,-0.797336312773212,0.031138465640578,2.36939886414759,-0.398125990359787,-0.470855289122305,0.050508603984763,1.80519647429901,-0.526602482892616,-0.133651228948738,-0.05145794620987,-0.654997250043706,-0.361712980663656,-0.620771302624648,-0.263865303379839,-0.65454947705366,0.720615567908743,0.800524776679266,-0.188768023041457,-0.560000142932182,0.46638697642931,0.153831281800135,-0.622594390314551,-0.500396194975517,-0.284136612554084,0.177590719101592,-0.381197936463813,-0.525541919869807
TS-514,1.36476762630254,0.096014047317833,-0.407079322779542,0.614135019444354,-0.400767193806327,-0.070079339473096,-0.946254387566869,0.927284642230085,0.467026416740369,0.173377977168422,-0.240002394240537,-0.457634148983746,-0.762442736446486,-0.399910703121774,0.021639458796636,-0.301680561149309,-0.579365896459078,-0.207021888694839,0.172841640224293,-0.168344071451718,-0.562233331534477,-1.03831440175827,-1.05401799048119,-0.860357910602528,1.84624692785761,-0.062251996943043,-0.519029622112512,-0.59055577587968,-0.646299892189341,-1.04011797652974,-0.739987940920103,-0.253623911274316,-1.07797844046924,-0.90694286659247,0.259613346685132,0.038917324848286,-0.079965462827766,-0.306125903383773,0.069939536029807,-0.569271074628844,-0.497810903330258,-0.883716923509481,-0.560647579338367,-0.618125899441367,-1.02428348693766,-1.10648664597625,-0.30817850090886,-0.873281342124516,-0.492919953059211,-0.284452540664174,-0.535881737038788,-0.680251556014697,-0.698048278862058,-0.44668264525533,-0.875644766054988,-0.479560114993637,-0.664966713608246,-0.666188307720343,-0.50510612363199,-0.372817808975155,0.812487641175682,1.40810506497855,-0.486530830387847,0.256995268061004,-0.307417485356804,-0.514017723027287,-0.763217279870293,-0.514626640495608,0.20107087219996,-0.108069209608608,-0.337443615703477,0.063591604276891,-0.592028150820709
TS-515,0.038075295595241,-0.992211160338332,1.51143933752246,-0.349725157665134,0.549833193735318,-0.490493851343295,1.30731721624691,0.030728504308374,-0.243207273584412,-0.182438556098749,-0.578871957439643,-0.233975598761588,-0.744677769675305,-0.807075846151952,-1.05543234105887,-1.49376162907124,-0.747735037893281,-0.731109474330113,0.043301892038105,-0.647835348361988,-0.794721529454522,0.258700840638308,-0.555687021833398,0.022630742187864,-0.648156549018957,-0.113861961397741,-0.483825955605701,-0.367396981805138,-0.670991534405617,-1.5481701410417,-0.742301212204448,-0.985096855146075,-1.58027820973508,-1.57475397152946,-0.405634386346629,0.418747363485743,-0.099356331517193,-0.184152727320687,-0.287303252032536,-1.17471761576391,-0.570744839939603,-1.03306654698755,-1.24820840858407,-0.790972088109633,-1.39642469862721,-1.20081448860469,0.322672377212157,-1.74483911452088,-0.805097712579315,-0.404344901000891,-0.560790432115338,-1.12948912120359,-1.20245289170023,-0.986405515911237,-0.511741940698653,-0.530878578650828,-0.701833307810075,-0.616955159784413,-0.788636726983445,-0.195879623072646,-0.398637449699965,-0.371138847553874,-0.973602278838373,-0.672505960338501,-0.114174424414528,-0.624606878928962,-0.747430115445932,0.229480027637487,-0.55724792467324,-0.884286104039481,-0.685918909040124,-1.10585453629695,-0.587954235807651
TS-516,-0.268347836271349,-1.24805419225973,-0.770142152357138,-1.40138686274265,-1.39542012984431,-0.231777228131534,0.62899045404187,-0.579783533243902,-0.488631295062355,-0.337714189073123,-0.587076613604662,-0.659531248963281,-0.417915904127684,-0.672212178951724,-0.259725339330059,-0.070049119608277,-0.27607407774705,-0.508776444999843,-0.587965033619755,0.174800373285164,-0.713426702186681,-0.292012431439548,0.167739508492528,-0.449961926362683,0.70706893104409,-0.313281602698007,-0.39284347196666,0.048591795134895,-0.165778106422841,0.625029749259718,-0.47506580816898,-0.95215949042639,-0.174430224084472,-0.516274908284876,-0.3632608127687,-0.70055877406579,-0.23525491343043,-0.263522133789005,-0.479247352267176,-0.539714230231268,-0.28370328701587,-0.084229954972133,-0.524777649305477,-0.522505143922456,-0.468351698942475,0.708464382213898,-0.820318584262416,-0.618017224514614,-0.265186975733468,-0.766772031866407,-0.21879210576675,-0.674263523821115,-0.060622185501455,-0.450818696380019,-0.422423076318393,-0.479201398036598,-0.152503019779825,-0.333448111283017,-0.607097958082447,-0.045129294945961,-0.771187776247922,-0.64887295531859,-0.379362182582357,-0.203974137913334,-0.492656376582251,-0.491531203552491,-0.53531547869174,-0.483738996937783,-0.506354563026275,-0.764884032583033,-0.502006941110305,-0.800076852040523,-0.233558188945421
TS-517,-0.71000799281649,-0.722972026534452,-0.006752875160076,-1.69165579031444,-0.847448966182206,-1.07260625284212,0.361248229453105,-0.201513047777126,-1.1336945646408,-1.08947622379435,-0.732802560133791,-0.773471034966549,-0.659443885246558,-0.812135648129396,-0.93955011414188,-0.281469189012219,-0.625835065516231,-0.879170241655603,-0.451697162788852,-0.02477720058972,-1.03147033158745,0.458510921803988,0.920973614447784,1.37824777737342,0.7272800087053,-0.281135891493673,-0.531474492578377,0.192447668247775,-0.448107767990753,-1.16820794209554,-0.098462622581214,-0.881074267811906,-1.1200793338601,-0.037513752727675,0.558304170446908,-0.737147760556371,0.550014891706166,-0.902246782749669,-0.430720370377781,-0.629959892150737,1.27457808554538,-0.182786620099739,-0.62439416429866,-0.404586677766132,-0.499928398792917,-1.15295229014619,0.130169392388899,-1.1987768719763,-0.645015221984321,0.938586746233713,-0.541995845282683,-0.937079630245126,-0.29430064105115,-0.806131219656207,0.913391449044755,-0.320857183347786,-0.550884146618364,-0.251623943279182,-0.721331376839644,-0.307700637979909,-0.089835698969322,-0.652430836194377,-0.195621942901244,-0.331287732863016,-0.196425880070214,1.682462677915,0.75242065860423,1.15159299776925,-0.440870451029769,-0.885302760205359,-0.736132022891227,-1.24482749543955,-0.777593693975825
TS-518,-0.150569692360582,-0.144636353627773,-0.377498022032706,-0.236940246590155,-0.371138913213746,-0.22099736927571,-0.554024132509622,-0.542093968136567,-0.077675093933014,0.046139514891832,-0.569552880867547,-0.186245101310932,0.307160892249434,-0.248298864369624,0.532292122093123,1.03057875811759,0.034544234839369,0.278049659288473,-0.616609106272639,0.344778630992401,-0.282066663076391,1.40897957000236,1.37800742301313,0.115402248089437,0.444935643698586,-0.191993173115867,0.439793811414342,-0.029935128254682,1.12100089949256,0.473933845241415,0.09358595845537,0.869819321617192,0.459083479620176,0.154372538947958,0.063277569551974,-0.313040617207405,-0.011329714009364,-0.245979726094636,-0.296261447452878,0.373129106174212,-0.107976917285162,0.303547123005638,0.186666535028211,-0.255523748883303,0.019546941177888,1.11973550048617,-0.814809739496445,0.641395284407955,0.062322210020879,-0.60647481535485,0.141677026452141,1.11762682602732,0.329093752396498,0.652448544004563,0.428812766145527,-0.265157498109946,0.105270649225261,0.447562655475003,-0.125114769899866,0.224934253275557,-0.710889820064279,0.113306716683855,0.272194827180047,-0.224354527539542,0.193870211265052,1.14942326879143,0.875402777187453,-0.377161815542689,-0.06526710033685,0.286331021240779,0.413419571627535,0.311462135205117,0.027582093417929
TS-519,-1.29204075725582,-1.5482703183147,-0.135705299073028,-0.679170125997785,-1.38669863420041,-0.910908363213494,-0.76587553497804,1.25602189008182,-1.3913148876155,-1.4404747240853,-0.302454824436,0.007170961967624,-0.630972546594372,-0.171794512110088,0.368290665771169,0.299067143036449,-0.369739680991784,-0.047038630817533,0.985061131622611,-0.28877056667638,-0.611188061311073,-0.772023765431378,0.031208204950056,-0.145794146614274,-0.306431967272702,0.065247018085881,-0.566031994747721,2.10587668342042,0.469427038936239,-0.385500963280171,0.585805764399464,0.283402486345499,-0.171902319519497,0.16630680205538,5.35834038098001,-0.211062998544171,-0.150207069536025,0.374356319298041,0.311638875215839,0.83180175090416,1.20270695939594,1.83741041976167,0.211262769070084,-0.220132599250023,1.7062890347407,0.152181827571502,4.17477327968089,0.065524510026819,-0.015076191697007,0.560177908339812,-0.237320808489751,-0.150935249764916,1.53476499274463,-0.032402022538015,-0.263413593741892,-0.13124112408076,-0.642205427112158,-0.496694490529578,-0.622431725536276,-0.226489242040595,-0.320560788983788,0.339407349619605,-0.086783834451927,-0.0658734578728,0.220512155579777,0.093492500977053,0.200843256685833,2.73719378399775,-0.414878645468149,-0.040107425950602,-0.241586841704816,0.639995729274678,-0.18952341455151
TS-520,-0.225551309474339,-0.805122905106185,0.306002162857893,-0.410577122491497,-0.251562544987853,-0.296456384177021,0.339635134359642,2.2550415860404,-0.814949600203383,-0.680581703098417,-0.369393499307312,-0.705393715733109,-0.755638413179059,-0.462174170302581,-0.324397619730287,-0.15341643839313,-0.438748230539973,-0.72944749287606,-0.091400958866826,-0.294191791257797,-0.973904066823223,-0.626386019918075,0.036543769863226,0.211703385888045,-0.208760513333042,-0.065852092542306,-0.507449943018358,0.540781579105116,-0.205773107885315,-0.266416903780811,-0.349383266507805,-0.358139648711585,-0.989096641168501,-0.417719594029671,1.84796448553325,0.272115562566026,-0.27100021474744,0.066656477656006,-0.468475865172958,-0.373368392751662,1.79095034646508,-0.004295453103289,-0.484728772711672,0.137954659456098,0.18981454475766,-1.23018017741145,0.656071978260829,-0.838024628669459,-0.441604721837195,-0.416675163393822,-0.468755880055481,-0.580513223572562,-0.335804543941993,-0.703306814507552,0.094660733820968,0.136865491306795,-0.530053162699907,-0.239273639702451,-0.757517539444834,-0.1164753823198,-0.426635258197734,-0.297550210533708,-0.57845867818077,5.84687247727156,-0.117621364758955,0.220497554274684,1.11912160629257,0.212902852329706,-0.643712019479595,-0.740009518326877,-0.057031039469563,-0.101107473135403,0.12386170629244
TS-521,-0.521703274909647,-1.49486339756082,4.54257134090347,-0.893585393419427,1.96669030602192,0.932447574866112,1.92416261145362,-0.020503276166961,0.395403246578448,0.373257608039752,-0.14125244877075,-0.473902485867773,-0.252865400496477,-0.302048928380873,0.048356283684461,-0.362315030181099,-0.005184599472987,0.246075632851182,1.49087991817557,-0.138415429433825,1.33295379698153,0.060070647689623,-0.650751541073107,-0.310515120385335,-0.400330962456617,-0.303624934555266,0.41801229160492,0.220279232940448,-0.276980913175564,0.32737388790097,-0.413416501451253,-0.568546253325888,-1.59345420376132,-1.50765594265449,-0.388314941111508,1.89982178445331,-0.999551861392383,1.21058251899755,-0.110358403318621,-1.06451679060191,-0.199498320836057,0.132824806377666,-0.027764011848003,1.16990974480881,-0.731494657768523,-1.01184481467783,0.049501544994365,-1.63260675794514,-0.800881998573166,-0.055699969803596,-0.099951039652233,0.883799454573809,-0.75766347489378,-0.386713055045277,-0.463200511227397,-0.355688398151177,0.14142178939326,-0.543091056873767,0.115235905498794,0.093144413982337,0.069526564963581,-0.693369511264512,-1.0843710266886,-0.594301867389701,-0.113350778467881,-0.638961238065598,-0.859061831597687,0.078654406528427,-0.209590839060517,0.551140366960481,1.90531191368025,1.3348632545257,0.222187346267312
TS-522,0.561904783590641,0.2721868354746,1.0165384432702,1.44788263495203,2.03153825111174,0.188637283738665,0.349777996015911,-0.007695329591224,0.17312444653077,-0.018492710277695,-0.361052264030922,1.5259392617975,-0.245255640214614,-0.365189525368775,-0.034966319391289,-1.23402852571172,-0.638686373707724,0.422693820720297,2.13927754925301,-0.348781550141247,0.684425985698632,1.93684852704371,0.660886308272103,1.50018895821014,-1.04550435359489,5.15753716565925,0.528407309230167,0.216219089967548,0.243839931097649,-1.26270541361194,-0.785076876283927,1.20640100052217,0.353623124830773,-0.53102695752963,-0.494720931301058,1.9965854813743,-0.61310202852166,1.9757428147212,0.170430288119259,-0.420707870669795,-0.265769109417538,-0.731092594812364,-0.566368898255867,-0.539777903483252,-0.267738211461065,0.39876661919266,0.631236059726052,0.434498408496374,0.613442292353949,-0.021496048676112,-0.086223140661896,-0.597499750076071,-0.568191745100996,-0.540258390922381,1.62008308103698,0.54507627254571,-0.536471254797747,-0.501475489254251,-0.397839405721811,-0.159919788071674,0.287124382611389,0.627468204429206,-0.497504939399597,0.955315864985447,3.31542558136499,-0.532141540485648,-0.204947519317078,-0.216190796801922,-0.21889832083966,0.052255267217177,-0.163356405115174,-0.514555736296549,0.85668649163752
TS-523,-0.249517364480665,-0.521749739776073,-1.7557019292544,-1.64580649397802,-1.44613897644115,-0.619852162464082,-1.48487438714573,0.709549579580622,-0.664619652249504,-0.342443395693467,-0.612361092789063,-0.683298230773945,-0.286261530671138,-0.398689322385564,-0.806969871446531,0.158022161397716,0.712627251802417,-0.319601051686548,-0.475902793735173,-0.36352521020146,-0.791951653539918,-0.454249254917247,-0.505850711608527,-0.548089071143243,0.078360865894294,-0.355554964396947,-0.420387209989386,0.011550159028349,-0.415932637228292,0.437547209809169,-0.866956736332631,-1.02507635269788,-1.56970632690854,0.390530566821308,-0.371892712431505,-0.452991539930735,-0.521297533066703,-0.384251555973934,-0.501451011839538,1.22368121831613,-0.199923189442573,0.613146778165309,-0.18342250059285,1.64423114811617,-0.569333591494174,-0.244925199253631,-0.819027066876263,-1.59997193089566,-0.796077821893144,-0.743474141475131,-0.17180198265275,0.01748691156413,-0.838882465747788,-0.714901075029924,-0.331068134913513,-0.489622650984306,-0.220999631034131,0.155090559637596,-0.342312863901513,0.021743145544946,-0.758324043813397,-0.811477326086555,-0.170491918659097,0.596773837021072,-0.396166527421851,-0.458436211148946,-0.570740920027936,-0.801498570541261,-0.589192515533408,-0.589308649759679,0.587901040051914,-0.093305875976841,-0.014399824339478
TS-524,-0.916068292963959,-0.751100828133199,-1.59112788902148,-1.14151351128055,-1.60587494855669,-0.733040685301138,-0.972462775910594,-0.500342139747245,-0.785198437279456,-0.408743242026106,-0.630229240826898,-0.787952012533286,-0.672211183526847,-0.668315488312142,0.104544391073452,-0.623409433525975,-0.694948384547537,-0.808496835976776,-0.257084149539778,-0.398582816810161,-0.932940134287146,-0.805108962754761,-0.524648398235618,-0.335650601144028,-0.789647984089645,-0.349959342708113,-0.821794160568423,-0.738988198417184,0.134668653020643,-0.584865663451221,0.063137700008904,-0.529700550055084,-0.797717759831426,-0.24033341202987,-0.126255298514821,-0.880544144817438,-0.393301738144936,-0.815310102837125,-0.457710983451554,-0.551359061026323,-0.296980307354776,-0.967809625050603,-0.741267733177381,-0.787214341595623,-0.323103748142821,-0.091503893699512,0.589812466067325,-0.625823442778206,-0.622155168631691,0.247530603129125,-0.599670105989901,-0.821409648458155,0.105476939528519,-0.503131336914819,-0.281997497457894,-0.510694128023385,-0.787450988702958,-0.466289654507849,-0.546261675554222,-0.447116376640509,-0.496721341472265,-1.05687663178651,-0.170012944656401,-0.272969225546701,-0.610533284323735,-0.085345003418424,-0.575102401935927,1.78433211522437,-0.497370219215863,-0.904796130136822,-0.683630581259629,-1.18729107397033,-1.0186833498242
TS-525,-0.286680674071311,-0.586163730094883,-0.845010245739069,-1.10428488330484,-0.996764887641771,-0.894738574444667,-0.772128390570345,-0.435843349617679,-0.648006893272605,-0.772189421885526,-0.6339801860284,-0.483165921478319,-0.776910373521877,-0.803215372373899,-0.966787698456913,-0.375564140219036,-0.504269877443775,-0.484397884156687,-0.049005176528372,-0.275694186225345,-0.866684013730905,-1.00431058999277,-0.714315566463868,-0.690307464829619,-0.926148708778322,-0.30712688116358,-0.887262756845195,-0.755425141364712,-0.665217058629569,-1.32958359135705,0.791057668049659,-0.396169712798264,0.043597239239061,-0.676409149074897,-0.156487249243319,-0.673069480571469,-0.738838465785229,-0.64427188209395,-0.324997893143941,-0.822207784128243,-0.765382572862697,-0.804294965767673,-0.588729394351916,-0.386132090541144,-0.833786162819898,-0.716747312031933,-0.710861599067122,-0.892622354160536,2.64921713594922,-0.42128933391506,-0.617643137990091,-0.718962973115871,0.37679187661861,-0.729462762093201,-0.774395554272971,-0.644658027755152,-0.860369232112425,-0.382229189138086,-0.795239069527631,-0.484195509404387,-0.458532489391017,-0.738490422297384,-0.799163815090788,-0.357131238530588,-0.656597173564544,-0.315623701960309,-0.693206338348004,-0.68935762838309,-0.159710436786991,-0.683009967984667,-0.705683280130492,-0.885397897490816,-0.996050675671172
TS-526,-0.780194296763586,-0.741678361130396,0.248028058334524,-1.0504253409688,-0.513475741799299,1.35286208673631,-0.175966704786577,-0.302278060039881,0.783835776613538,1.02629484811791,0.23740620745782,0.406062257569052,2.59563283651705,1.9902770292762,1.14344861018905,1.32355218076006,1.76591966441967,0.991465811654546,-0.696753401949864,-0.196201472958453,0.257954967943706,2.34635242201653,-0.226986170448977,-0.198322762031012,0.186551921560836,-0.321267162167354,2.85992479551058,0.831487691699275,1.23315392580482,1.46558214132337,0.223269097744962,0.533988848150405,1.96676640950856,3.69750950945639,-0.291689555190285,4.50599644235241,0.067103336087619,-0.20105005298863,0.134011270549941,5.998363828123,-0.947545776150955,1.8288195725015,1.7880599746255,2.62397578830173,-0.042692236016112,0.567565632159302,-0.060756883758026,2.46822829859869,0.98744670561012,0.127559488473209,1.68118668545513,2.23758873100741,-0.700684226767721,0.293794256499236,-0.54857382990882,0.372408174554893,1.3237859559228,6.47586819969883,4.56701695604152,1.78875546257312,1.29185772865899,1.19418097964128,0.805388251387918,-0.196516323617041,0.948611320726565,0.277698061693102,-0.350103320348483,-0.307165679875054,-0.535444506589094,2.82165760776283,2.06573026076834,2.82414024176959,4.11131529601568
TS-527,-0.638109827797514,-1.30655455081405,-0.989631233774927,-1.31782459548651,-1.19177627628921,-0.522833428880945,0.125508044085716,-0.613938050646984,-0.757651065033085,-0.711321550386945,-0.319548103188918,-0.770937708575567,-0.526995663176426,-0.630353166033596,-0.62430332909371,0.385822549896545,-0.334927128405667,-0.787121241779268,-0.235409855100476,0.00155183191421,-1.00706064112346,0.015690437022714,0.57629980289201,1.0741761392082,1.16224482742523,-0.204884878814357,-0.61039684627918,0.515012977638297,-0.3571451562119,0.81494199475231,-0.304150846911493,-0.993310596039908,-0.440705627355451,-0.300601734266099,-0.161552354252236,-0.575457354083719,0.684335148142121,-0.676439305111859,-0.503114759452666,-0.446588209429559,1.44638538063581,0.397109354108471,-0.374409530777066,0.142225639523508,0.589117977343205,-0.143330796079771,-0.788072196298567,-0.839533268570478,-0.323557032483716,-0.726863187800726,-0.256682428884826,0.166938911954893,0.262529046475997,-0.466100849837421,0.732089522100538,-0.21815302229762,-0.359321172799853,-0.26984142658983,-0.763772288268588,-0.221016646566754,-0.765902238954076,-0.785613611702858,0.112814920485417,-0.543100709355128,-0.337468177003477,0.727547771331826,0.062601694523269,-0.842637296522192,-0.439243926511453,-0.968354129699171,-0.506491807260119,-0.947057485614536,0.069912058387456
TS-528,-0.078331257292626,0.217770583085188,0.096227442695636,-0.985774534537348,0.620728173333713,2.16135153293906,0.700469112110404,-0.899982153930227,1.54436985441235,1.6078204074815,0.606968219016967,0.765756011101864,-0.035360073035616,-0.734254973091104,-0.452198783674984,-1.22655777767631,-0.351596260129954,-0.017699362718249,-0.641573774807808,-0.349812100466268,2.65564363190742,-0.773650301674899,-0.551171535390594,-0.785243624256287,-0.357972049218547,1.33475205612119,0.552315289602554,-0.568724468318731,-0.248072838012288,-1.07215967647752,-0.405882574454059,-0.454966038855827,-1.62322463837716,-1.50874129647872,-0.418640487080033,-0.69632573856289,-0.712002668140115,1.80734427952312,2.02389378576109,-1.01929597906292,-1.08371034340983,-1.17878464797611,-0.828163732625688,-0.919974285002029,-1.1812828387782,-0.813196492118774,-0.813990220131092,-1.70930706977526,-0.806548015223086,-0.058149082269366,-0.020250474049981,-1.05339101637409,0.654343692733174,-0.587915526013344,-0.527203812047595,-0.182273888577862,0.451393273867892,-0.66316561997882,1.33719035525462,-0.345766004922902,0.609817652165343,-1.28745824751867,-0.359648434821402,-0.694490797998324,0.695216239361692,-0.619705521270916,-0.811135688836378,-0.98573799144045,-0.314804958674949,-0.513747743536996,-0.822708112094148,-0.856681362305809,1.09345105832779
TS-529,0.372068400243927,-0.357759261060845,-0.76995144798966,-0.569172653274702,-0.692993764859598,-0.458154273805645,-0.741316604037723,-0.629775832480526,-0.802105820143984,-0.620739044897243,-0.638547402237158,-0.599095886154967,-0.319746962584653,-0.521382462788427,-0.588269484753017,0.93593770882509,-0.156433358247092,-0.669549809588169,-0.239757019758465,0.074871273274099,-0.80328049940618,0.209260238017123,0.242949962031572,-0.012056249391255,0.012692646425739,-0.1578101720707,-0.203325863820164,0.025303184307403,0.041343986342921,-0.062966587249761,-0.657797479709305,-0.662622055938497,-0.214938289510449,-0.225519525052185,-0.202825495559572,-0.425389424202315,-0.228174974485855,-0.656743123494497,-0.426576846670031,-0.171950474463716,-0.030727574769935,0.594610082504198,-0.129807970382883,1.04885439195873,-0.469321782902413,-0.378312558628165,0.437994819987473,-0.376813335599695,-0.338267228302578,0.742658914990828,-0.489691806020603,0.100178377334238,-0.772395252407883,-0.600689394352823,0.191913086523849,-0.352813606221559,-0.21948523673558,-0.251865574682352,-0.431681793678955,-0.060458502862757,2.76429487489575,0.292918532389094,-0.5282790223974,-0.562779461402676,-0.214036390505907,-0.094916996635755,-0.296286825424697,0.660229771087425,-0.564492434772308,-0.704036501875421,-0.093960508870526,-0.017978879255064,-0.13106038334652
TS-530,0.264040957083453,-0.953097839280892,0.49046522375905,-1.34061430496609,-0.102260313108526,0.156297706201015,1.52678090969149,-0.379125730752884,-0.698620980921725,-0.734967585616813,-0.450926325690419,-0.806468755606587,-0.508201395794761,-0.458447882273119,-0.397426777266907,1.49427856731962,0.396227989425374,-0.300564641803374,-0.514087582581279,0.13071801345155,-0.962785085379138,-0.753394100381783,-0.168576267980774,-0.247214874321955,0.383348813050895,-0.361916996243678,-0.310605813888176,-0.374919931648303,-0.624867120763299,2.37259188500679,-0.273744046164133,-1.08699506021341,-1.5781767417732,-1.37493080521929,-0.344565163573627,-0.486130978089601,0.880705107028965,-0.753085942041978,-0.496136283455306,-0.844441063375499,0.979948701542346,0.977598354476119,-1.04430092677575,0.617067375674721,0.150056858009512,0.168003121085886,0.170237832228599,-1.68173098940886,-0.803020880390681,0.837823934712096,-0.249230590362857,0.838895736545855,-0.141065896183117,-0.751877665719693,-0.617224320538696,0.140472128306193,0.365667718837479,-0.205547451733052,-0.50135250132636,0.000194951963292,-0.20221518624112,-1.45171087275093,-0.385466664201904,-0.393658968890984,-0.434376342813855,-0.404336896273872,-0.585449542132702,0.673377905813157,-0.271345755287354,-0.429640657186784,1.12950441235577,0.169287847723828,-0.240164872212996
TS-531,0.18933533990659,-0.009355132189673,0.217011912414522,-0.407117823373702,-0.072219689044503,-0.021569972196435,-0.463619460461253,-0.124963858757401,-0.020200657759577,0.106261516537946,-0.318374521405765,-0.38814031718843,-0.599970934020121,-0.010709135715637,0.212858714082238,0.740628193759177,-0.035805662854663,0.04591085399479,3.25514815143683,-0.116429231724217,-0.570734262006484,-0.35597612301647,-0.511787185567944,0.045536139422068,-0.636313675478138,-0.342809990653478,-0.415427230865417,0.31183726321675,0.199063623889959,0.092670835564243,-0.140060289150294,0.226189127208094,0.081229517947827,0.048344298375163,0.161046940990986,0.21611385380062,0.684959852598095,-0.593248134287931,-0.225378189625678,-0.104620464703715,0.369564486235835,0.27194063940679,0.116314974246358,-0.128793637239962,1.12545639007247,1.01239180980162,0.472517444164255,0.601759840266276,0.047361649753475,0.414383806858272,-0.340191707215767,-0.063222706287746,0.212034536624526,-0.207455128747958,0.139072339600364,-0.243858861230652,-0.480558059501023,-0.121236123336233,-0.52193864749418,-0.364897110663133,0.053682334863141,-0.640295634513202,0.251709490938242,2.98833943975073,-0.122507332882898,1.00228953380317,0.598162748491464,1.73371292193159,-0.196181523140035,-0.019725643402686,-0.333523901210363,0.454095056307327,-0.405149795676051
TS-532,1.61700878675141,1.18867765288283,0.042822875932382,0.504963810543588,1.07461232173108,1.4175412422967,1.18563135609724,-0.779662888036987,1.33262411489577,1.25750340588995,0.601336056232956,-0.631552243731324,-0.602831410914542,0.447324995173922,0.542802039518856,1.69166097057842,0.32801567692486,-0.032733073502888,0.119339115453668,0.55491114137972,-0.722870727669064,0.330190762078202,-0.490794476253938,-0.22703171198313,-0.260712228608861,-0.187842369277582,-0.120210976211397,1.03524374962073,-0.102462059954192,0.683517292579238,-0.363989298212723,-0.395839576868865,-0.676149278046903,-0.11494150755424,1.20674010427492,0.337905102703681,-0.405629577878617,-0.113174242461565,-0.276792095450646,0.048225976382561,-0.370488206370631,1.08190400499282,1.27767803698727,1.13270955019754,-0.205128888362398,-0.46609090688246,0.232081885667116,-0.49775079821354,-0.462483477903701,-0.335794704390143,-0.321906373028091,0.966161146061423,-0.198678590158942,1.15624848120979,0.098275040168733,-0.459043209317452,-0.432333252273752,-0.37069577417329,-0.441782700477101,-0.061394334738225,0.568758579177021,-0.391850633609516,-0.545061880836257,-0.067006397905946,-0.177180064429611,-0.27624856568588,-0.282284193030024,0.347022470707253,-0.128363613950628,0.454173004045372,0.71715995406473,1.94562248735744,0.395137640108261
TS-533,-1.20447700654247,-0.416013896400797,0.217150472625895,0.268423735384456,-0.233237363043824,-0.490494659751893,-0.205594131699222,3.25337760224594,-1.06089669247829,-1.48534923680743,-0.341842092464926,-0.706312097423978,-0.640694073553326,-0.495819745417115,-0.333125581185792,-0.067177386704456,-0.416901502695114,-0.324991934057106,-0.120923711294368,-0.172332338273122,-0.557443901734668,-0.84887192318946,-0.338943096365107,-0.64633879133218,-0.942117282373902,-0.345874940202041,-0.574537235161629,-0.346536082356038,-0.355432084772289,-0.566418563748042,1.4385836416812,-0.419327915871148,-0.499023709221441,0.216255825594667,-0.014209408599118,0.217939301291769,-0.201278256888941,-0.124395924821814,-0.370650071644216,-0.291853548546046,-0.232476042144206,-0.488321810965867,-0.787072562915992,-0.322558773173764,-0.989215299251499,-0.903153273519184,-0.756422010580556,-0.253781857384894,-0.30641701089279,-0.61427173244356,-0.464627898733398,-0.110075416540905,0.592588304905669,-0.435193642282061,-0.668109527685865,-0.428846315178652,-0.486527181933019,0.178571758204265,-0.247996598957947,-0.360616613932556,-0.748379937429833,-0.009075880276376,-0.216516336555862,-0.287867726866991,-0.574171841248518,-0.407840137491053,-0.399430918095656,-0.575187704167155,-0.07983719450321,-0.221208592826261,-0.552707546598861,-0.498359638165469,-0.766439397031789
TS-535,0.424054918538924,0.063710691447703,0.487439638340192,1.40733151458164,0.635048529967345,0.005379675751608,-0.653498736961872,1.42315256453366,-0.258708958937262,-0.179310370755012,-0.331076223191008,-0.65919123608456,0.80921441002867,1.27771417154143,2.18434075092684,-0.102079125611659,0.556085664492954,2.52426382017459,-0.470656418755216,-0.241466177509085,0.302795859562937,0.400188891807284,-0.236441977973218,0.328174491058078,-0.738537874611434,-0.325727867840674,1.56228939680185,2.039149364974,1.2787613874102,-0.11267290109483,0.533091399021836,0.500281971760954,0.145891698606266,0.959475862407458,-0.080461353088478,-0.306621422786758,-0.189349541372656,-0.438306569835234,-0.427277378216718,1.40287063689728,0.50765079253743,1.17681352479513,0.647871163269918,-0.08723479132168,0.839805883646364,0.829431410617991,-0.114102751978692,0.77355975843414,0.275771820419006,0.600186345612583,0.485340315940602,0.480175858597814,0.901047464287337,1.55267673269467,0.442351830949258,0.858119699708307,0.141240230666412,1.89729966535834,0.539109420409009,-0.030873398225313,-0.08102834558374,0.693731781418535,0.775686348855963,0.66440011369759,-0.3969132789464,0.453598636392183,1.20568874245601,0.772777173320515,2.19313316303253,1.79952192947561,1.2805298199995,0.632235664655504,0.898807673856707
TS-536,-1.68919252593207,-0.416022776755237,-0.613192520245722,-1.11111793517087,-0.295770284138095,2.45240773368847,1.89281890444164,-1.10063995350744,0.762587273546706,0.561252442363357,0.155840334371476,0.347987593431441,-0.130660931732021,0.355644920608927,-0.359710696447962,-1.33050603502176,-0.623241507294594,-0.366921884710294,-0.669462593873024,-0.715746688390314,2.61443254697028,-0.458121833730109,-1.05671096231028,-0.890172816260647,-0.777207560296612,-0.096899343551294,0.591858090275498,-0.756268741641215,2.01501793052651,-1.80459145069708,0.757932102342443,-0.543903274872555,-1.02173720098569,-1.13424216342455,-0.270090782210852,-0.677422158219942,-0.490682382096266,1.9588828916002,0.295947902603347,-0.08355775725489,-1.05805486936458,-1.36768980857468,-0.431322708181233,-1.07244543492848,-1.48112391874392,-1.37920074766969,-0.825984977504924,-1.14929427090668,-0.58191743626724,-0.686509180181096,-0.218097994430152,-1.19078322060763,-1.04220202942937,0.320707054221579,-0.842072816871366,-0.675130408720426,-0.565675428697054,-0.669472529907358,0.404878611067015,-0.366999241611489,-0.760674854418085,0.201105345757223,0.681922394896577,-0.072067821353406,-0.714958553455874,-0.708504374310851,-0.462103755034196,-1.22484832906554,0.592609382682328,-0.148358155458316,-0.773458373051519,-1.11253551467992,-0.114980328038491
TS-537,0.695429947197312,-0.435917634877219,0.634013544476612,-0.688908585246274,0.902499543316145,1.4175412427818,1.75559194667839,-0.964021875153685,0.820865050210411,0.964470202810865,1.06755283299239,4.62433806707475,1.4352992922936,-0.053149378190962,-0.343303498965132,-1.26749086973367,-0.204103146520677,-0.13577699255641,-0.691693389303468,-0.329530982633288,2.04368377532986,1.02227183227052,-0.187745508661954,-0.813925006071581,0.767621683216822,1.82352832482514,2.00116593838801,-0.171876145747787,-0.814413453054508,-0.625762951158837,-0.845957115553846,-0.282647568171322,-0.549107431805566,-0.796898241879094,-0.417083286442677,-0.026998934056666,-0.894456267341709,2.41446576682874,0.683673021632719,0.091702338779162,-1.15876064749428,-0.286851225631021,-0.756627311218088,0.775855234095134,-0.986221160074882,-0.878256053569404,-0.828451170400649,-0.696047594803284,-0.412767164603485,-0.78524053362113,1.89954467147275,1.95785996462976,-0.984259663528471,-0.166493287190003,-0.541833044651466,-0.671898956521634,1.54377239957029,-0.683610736479951,1.90039118713741,0.557499509001259,-0.785802691141021,-0.580615231890009,0.649410684131282,-0.638027116213181,2.72635227461169,-0.610457334459469,-1.04072553050734,-1.26576853927729,-0.578593391661184,0.809715262167681,0.109033666669077,-0.541875935173417,1.13198919177747
TS-538,0.498565923931066,-0.929452239125635,-0.907830650600138,-1.55179894350288,-1.11928418726153,-0.231777228131534,0.059138336067979,1.98180542933289,-0.74647470246538,-0.666394083237383,-0.473296457274858,-0.803004377023099,-0.689517741587818,-0.651195668343491,-0.838716607116358,-0.427864596150667,0.224347035248515,-0.205166781854953,-0.193835404263761,-0.442887175999268,-1.18833765297945,-0.138034048155469,1.38837701555494,-0.155746928846829,1.63756926606287,-0.356403816229023,-0.748884078807928,-0.884086223505266,0.424207528279064,0.664612629415054,-0.787489822889441,-1.15878134403863,-0.795452201403634,-0.561649530287966,-0.4132036064407,-0.512771858639434,-0.046035702663584,-0.725491108519554,-0.484695590144966,-0.365368273260111,-0.020488801953677,-0.402356781601561,-1.22051727691715,0.015790556487326,-0.799927193267419,0.256044755363035,0.785018616222104,-0.987601750314897,-0.474769023436004,0.054287855804929,-0.466373615171665,-0.702045266436427,-0.983964519763258,-1.05322582540018,0.04797489853411,-0.569275186751352,-0.393216520422469,-0.400952641662079,-0.615076885969321,0.046208110158187,-0.5123088230037,-0.188744860923368,-0.507519779440756,-0.479147184306855,-0.460875486888535,-0.358644725405512,-0.060593092742378,0.795075513921586,-0.433056665620034,-0.803359028390458,-0.534412522111563,-0.621507572940527,-0.706051565551994
TS-539,-0.306008779852718,-1.27670070928824,-1.68774143158485,-1.69487384976307,-1.94624879557785,-0.328795961714671,-1.4183967755123,0.709549579580622,-0.427162784882503,0.060243556894671,-0.531325011207759,-0.535262393443996,-0.412653399060994,-0.815727775022474,-1.23012933056338,-1.06299967651933,-0.524512394375435,-0.664700507565022,-0.519756270820252,-0.604699322181998,-0.88160129616206,-0.503321904570177,-0.361366790882333,-0.222390828687774,1.78711865262926,-0.239006754230159,-0.614421107070322,0.136327052327778,-0.669311494184046,-0.505283985527555,-0.389759287421812,-0.990163254899206,-1.57871295074575,-0.695974924704668,-0.352167712224808,-0.75570958527222,-0.617898432160084,-0.669621812881524,-0.454793554508872,-0.471280395994275,0.214676398785613,0.34118765278881,-1.50405141805641,-0.755584046268848,-1.20362415735488,-0.754850033793958,-0.147915847694133,-1.71903432814557,-0.804075248238115,-0.212889927049321,-0.137518249287056,-1.14670841637776,-1.09967689576328,-1.0922549148603,-0.070119482508722,-0.112417370257452,-0.197462935815252,-0.560691003832128,-0.557831454957221,-0.060778691512125,-0.726393227525597,-1.75844455610123,-1.03824903911053,-0.604046414448217,-0.447882164428944,-0.517586125083921,-0.243309775503473,0.300660807371573,-0.535021044495442,-1.11903417896733,-0.741206047552209,-1.32928362113503,-0.900039719142744
TS-540,-1.65495530449447,-1.49188902044691,-1.98075418226274,-1.5901756884501,-2.08749931588475,-0.716870896047219,-1.37954399956593,0.696741633004884,-0.586278191755794,-0.182304393695641,-0.587383179987644,-0.804214579397106,-0.757481762801084,0.168630671050467,0.92223496709914,-0.303932019867512,-0.028814800408043,-0.326004066015842,-0.515532975193061,-0.578355917248573,-1.09783970638269,-0.935393352446037,-0.728378270041987,-0.474240749687252,-0.549018604195338,-0.351133491240174,-0.701223659007351,-0.507318427192002,-0.180702065573913,1.27739864749003,0.728045783614895,-0.867748366206455,-0.640272023399416,-0.700259316708753,0.066797025857047,-0.855894725167546,-0.387432800396769,-0.756295369809673,-0.476348949562778,-0.258783980893567,-0.332302346496643,-0.304543357437605,-0.448310261728358,-0.489042808010151,0.486432380316261,0.35471045817919,4.40193330231176,-0.433255142899322,-0.633159766917707,0.260301050788679,-0.401342912001898,-0.99092156233691,-0.711046208360045,-0.734626584627817,-0.487314084549789,-0.263748343859493,-0.588146849947261,-0.529037832057199,-0.742561420927609,-0.344866931475179,-0.375883574932829,-0.241205595867408,1.08827099864432,-0.614389351630361,-0.312003012062348,-0.47601108297173,0.174027062148981,1.65869354263406,-0.435672371122741,-0.470954884900653,-0.550056306830185,-0.325371308450145,-0.854000083422385
TS-542,0.074024378104729,-0.159947521810236,-1.39698715751606,-0.116617006249069,-0.891049377575758,0.188637283738665,-1.09648355828732,0.175885212741349,0.145745344254566,0.286541146528554,-0.327056496640378,-0.467776109916246,0.480542617064421,-0.301036357602669,-0.388821526307779,0.974156544146204,0.649946148661275,0.131272631233113,0.313123946341224,0.079096328273703,0.243983842676266,-0.798749828439118,-0.759677449016123,-0.65342295838297,-0.247864734989383,-0.344420951084902,-0.417000278123415,-0.158899571750245,0.711377627230696,-0.090108033917803,-0.711693694298252,-0.957379021205989,0.483978645422092,0.225250548439512,-0.266257211628593,0.019341600393595,0.047353582400303,0.02680713309049,-0.394824747147579,0.432210017019485,-0.56068655103512,1.14651937427475,0.295157964748226,2.60514541650768,0.310731919773371,1.5926221077164,1.64763926349967,0.773592927789953,0.108410679882287,0.648037810258029,1.21728594423138,0.855911370071866,-0.576252083385013,-0.460943869005368,-0.65909323167893,-0.426779440673688,-0.190899623430803,0.355003102632816,0.369236263683682,-0.088307249626095,1.65640867022575,0.055297410089582,0.124630236094779,1.03212229510344,-0.286903660798639,-0.482050871558011,-0.820131845228483,1.66117894540296,-0.632178053411168,-0.022257430427383,1.37963607150612,0.662130172472254,-0.122735837658485
TS-543,0.231515596717725,-0.35326870693228,-0.494040479564594,0.182953721265045,-0.921480685533861,0.123958127693177,0.215600525623553,-0.754825445497252,0.358568474010082,-0.118481660283376,-0.210852497016796,2.23299241132547,-0.503077989323703,0.053613794743225,0.31014610143295,-0.395731000898572,-0.48586083962032,0.922161989390479,1.9992641815187,-0.538055588338245,0.805857716847008,-0.505728567894208,-0.709050959832786,-0.518397599180598,-0.291297516293542,2.08745376838549,-0.204157044041598,-0.750590084632378,0.236997682083326,-1.03041462680728,-0.843531910491495,3.1126533643619,3.13421788718533,-0.318117780175227,-0.321082983017338,0.81254120441813,-0.010581125667424,1.6135290708101,0.873647963800311,-0.31915817997008,-0.315471158958157,-0.409101301024547,0.077145912710817,-0.558279202330125,-0.159812902524369,1.1163198049694,1.11492177498192,1.1527350814703,10.059223454423,0.196413643402016,-0.220019089002603,-0.517495931157583,-0.386811728392439,0.165005975597919,-0.501967733156028,-0.421377911500062,-0.539448900508413,-0.265548179442744,-0.410590435621267,-0.164558166037736,2.72822322464205,3.04443362858278,-0.874402553079165,1.22810038262547,0.769260187090523,-0.505290895910145,-0.297486455223493,0.145711576426692,0.709231753056133,0.324249401391427,0.783091519121607,-0.114819336923649,0.556973352775415
TS-544,-0.35907647308101,-1.31426888388143,-0.453182539509906,-1.04923159448709,-1.34376204459614,-1.26664372000839,0.174875106348836,-0.584052846826609,-1.30830151118927,-1.24969649745254,-0.541766104344923,-0.397043963050276,-0.578823454653886,0.212813248526042,-0.302312170117309,-0.299218363490063,-0.606144299703123,-0.507860215001595,2.61307111764374,-0.055843804078756,-0.618462654843333,-0.460666708919327,0.244948776422634,0.035142986529155,-0.514483300165515,0.21999524264559,-0.483905150034458,0.238769633155421,-0.149838300341324,-0.824442565178444,-0.505685222807058,1.5129536429367,0.135256143742161,-0.77755345872642,0.517979762402434,-0.585529245687529,0.043966108078154,-0.419944521651782,-0.392551017874277,-0.783371337260224,0.594497033890171,-0.216996001844315,-0.145057467120141,0.066568257166917,0.436193837235858,-0.270753485127529,0.454258507077289,0.267842565002614,0.053002546263426,0.173185271595662,-0.342167671886761,-0.459260001216464,-0.536265921828348,-0.617098421159627,-0.096615785833615,-0.178641225693325,-0.444185739765255,-0.320514114995327,-0.646121433712116,-0.065072379122208,-0.396935975663473,0.293045043897908,0.155717308055242,-0.495989292357934,0.282020125366674,-0.257469490898958,-0.121094664381673,0.965782043399538,-0.557986419406487,-0.720392974894215,-0.280635074402382,-0.536330256567791,0.346573924033884
TS-545,0.551633617159359,1.18537281264308,0.124434911376384,0.672977549064065,1.18433609941439,2.84048266802102,1.01150606986488,-0.669439144705027,1.91355466373198,2.20776338409176,-0.355075586346912,4.81131511388374,0.644277193537202,3.73834300636775,2.03644540890894,-0.248034137606657,0.573662572634656,1.27803806778813,-0.515878112453611,-0.231684978900594,2.73019960133737,2.5387978803577,-0.128504438351078,-0.480835113813729,0.843506653089909,1.8898794908373,0.382036532376523,-0.633014149652059,0.078728422284593,0.989784966604908,3.55311788978956,3.2666402741523,2.43533422303573,3.29848530410612,-0.109845408282951,1.79642987119507,0.629844152341876,0.258946338671466,5.84995756918769,2.98872814355384,-0.874988244756602,-0.710082782160779,-0.262027374736339,-0.53428853742362,0.863790515047776,2.17317082827081,-0.794775211286683,2.07130493907841,1.28367014099214,-0.737845921233531,0.416292365337823,-0.174281963078407,0.096028594792769,-0.21076338037541,-0.582996760312321,-0.654704847591193,-0.111184389686724,-0.104798370070026,1.36517326692477,1.72910848358898,-0.775262945769099,0.860425294058329,4.24981393913948,-0.527819311896546,0.998916999560603,-0.078514016466268,-0.131927189535356,-1.24483246471633,-0.246513838866629,3.25223000495693,-0.666351498163507,0.165607991667717,0.421902347942741
TS-546,0.965903996554413,-0.02062666772787,-0.914352737359017,0.40355810638004,-0.26551693621476,0.026939394110041,-1.25425267177784,1.10232655448343,0.448609030456185,0.027448157378451,-0.197530586779205,-0.235426857953533,-0.780655899616884,-0.410535546446997,1.10448404246087,-0.744254963295436,-0.591879964997167,-0.463005446070163,0.0483708871432,-0.493492765645081,-1.11314486850803,-0.801475779018191,-0.863249967726122,-0.922481998222784,-0.561450826564718,-0.186458885830562,-0.440314700372901,-0.852407481954109,-0.387694878840269,-1.02182069006474,-0.830004241167469,0.21604814026055,-1.18039130275456,-1.0711913125586,-0.179255421994267,-0.467788122752047,-1.12898584480409,-0.405053222429997,-0.224018738406333,-0.883233268323426,-0.839734675326161,-0.865087268071411,-0.683210598634753,-0.974195834048177,-1.61054832489226,-1.23457737928701,-0.431069521906701,-1.05521854299835,-0.479088113989369,-0.38422240909403,-0.566697199556079,-1.00510085162928,-0.926561549695014,-0.03191513869564,-0.707163751515234,-0.665223552409116,-0.732614760393868,-0.685970475055175,-0.615212010348904,-0.467630001562327,-0.671766221991493,-0.738472072554515,-1.13912796874011,0.253025804986703,-0.609347506062709,-0.498270565771137,-0.356050028765304,-0.588932686495211,0.183495541164568,-0.690439821022458,-0.239264591511151,-0.118018053491427,-0.879704646784155
TS-547,0.149346265267466,-1.1852204736765,-0.738963177468466,-1.19402864436733,-1.0828626296155,-0.619852162464082,0.044042235218692,-0.366317784177146,-0.864276475142227,-0.563860848663688,-0.188021960564595,-0.601954671046503,-0.465184789830903,-0.043772250662659,-0.478975727108591,0.756622455861959,-0.50409608050576,-0.843745254430297,-0.657916403321175,-0.094303729893772,-0.924583069914367,0.271011418325164,1.16058727462907,0.013137420696234,1.62524746139518,0.328062544005853,-0.195693437996218,1.23782878790256,1.65387618055689,-0.315694113615125,0.185537567599876,0.173238920692464,0.825228908705667,-0.189935708077635,1.24315548549059,-0.764840869316831,-0.348367305594509,-0.526596114253238,-0.362245057272832,-0.636612014990052,0.47533400488534,0.715239989292125,-0.088690727162363,-0.429987925862937,-0.628340095603084,-0.637558604317167,-0.819761054288479,0.109318973234635,-0.024495467808604,-0.724752271458393,-0.070238529191542,-0.389289523841568,-0.357475538003386,-0.070730111431046,1.04725041275871,0.128569223557907,-0.271009653920698,-0.199165757181661,-0.568606071577643,-0.10013311720414,-0.758022980124658,-0.486363873015808,1.02298994457196,-0.216198172120597,-0.241025995881423,0.447065232173344,0.163699227434719,-0.913363537721291,-0.573472229673511,-0.735142948364929,-0.148559519787333,-0.645309074373328,0.097331125699359
TS-548,-0.386466250231096,-1.33600927697314,-0.682192800872137,-1.75842564024403,-1.41719337227515,-0.522833428880945,-0.658574974297634,0.679664375760247,-0.828487166081826,-0.522153266419861,-0.480477524795055,-0.801394006259745,-0.731185422002713,-0.922781150480805,-0.928853528945352,-0.282600442229993,-0.561144663589137,-0.929298354404023,0.182622830518764,-0.00973160054062,-0.753505399211933,-0.531937403574613,-0.51762755925949,0.699761190592942,-0.156093620719526,-0.347817196347566,-0.726989701484466,-0.560613684821017,-0.169527651623849,-0.298704126718306,-0.382325035745786,-0.850223277519339,-0.602469502087198,-0.037240611880732,-0.178469398943844,-0.820232584239503,0.219223243384264,-0.269129120836116,-0.482184778342503,-0.573432391913335,0.948949770948225,-0.696197757187908,-0.672172211809245,-0.23960592214887,0.241049770093598,-0.752544709162544,2.15827445739475,-0.80033637246556,-0.394154468240437,-0.108989422539738,-0.488666259181515,-0.03850147131435,1.00805103151896,-0.437855745214939,1.25586007070878,-0.107345018697084,-0.470627970780793,-0.340174374078591,-0.617683166545132,-0.375245700663261,-0.635336197899629,-1.08033404796017,-0.23354444237955,-0.247677905073256,-0.552247862061805,0.318405569739496,-0.231474653716109,1.5164458932297,-0.537038361668544,-1.06836280845832,-0.491902185551191,-1.11365163361166,-0.461513696460295
TS-550,0.339119556661951,0.436621114470468,0.905937358839726,-0.270449881720721,0.784151014498185,1.01868644894663,1.61519049685749,1.85850052068529,0.535388799468099,0.934927565529867,0.538346575833635,-0.430944639648105,0.725906267250188,0.223814970361827,0.342915097308041,0.853159613456564,0.273398697032999,0.097709401263225,-0.397532598645386,-0.01921410489194,0.187703687592594,0.557488014953539,0.384452304206295,0.167010643216991,-0.428066438247219,-0.201466498220306,1.15826502516816,0.59646060089902,0.676206575655423,0.515880566069653,0.460195875865534,-0.558600896324053,0.102108535183538,1.00157792319847,-0.234302728334893,-0.011646074766187,-0.733148919660898,-0.25998738716509,-0.159704415234108,0.616816705285875,0.349755568874311,0.77432170968572,1.78716777624346,1.29532414523793,1.01203198941365,0.170771433391643,2.01468519340506,0.244118603176809,0.035423283890613,0.294614307294099,0.417483097509433,0.667754265038555,0.90024604011969,0.346739214990352,0.093082124386829,0.567669638453848,0.464888063232648,0.247225892542538,0.774064057903155,0.112567423871589,0.146237955044152,-0.320056727570939,0.915677580480942,-0.178473629258195,-0.155859131670818,1.66351602583271,-0.063652533892463,0.160863617474745,0.097718579771117,0.179804675007527,0.890523308876339,0.778719542567155,2.00784099667131
TS-551,-0.319703668427761,-0.852231765738897,0.372672383059767,-0.373570977547785,-0.353429603649279,-0.65219174097192,-0.336356794973096,-0.682247091280764,-0.396502600299561,-0.563220156258743,-0.239348580878823,1.21817123322953,-0.32231294893138,1.1837503139484,0.438125674709701,-0.03889813531811,0.514833621141081,1.69349155618655,2.04726873103289,-0.203076019673478,-0.205149691684974,0.013220040345502,-0.393157208121541,-0.513347725857331,-0.129238825560257,-0.073697578330912,-0.378786440186689,0.832389186878133,-0.557656121937717,-0.429913723438191,-0.51452352999506,1.72845755812928,0.545880874531448,-0.077211569236424,-0.12413598570851,-0.271637759334101,-0.977165370450099,0.280381009662035,0.025069274707325,0.958804115396273,-0.6426152276115,0.292427557551661,0.526197315385928,0.750572949112111,-0.499075728750283,0.381587658356688,0.173616729739873,1.27079908287826,0.216310570582254,0.158566684802992,-0.07733868973765,2.99733056742055,-0.002080318543294,1.74165556278747,-0.628173371199659,-0.596736706943133,-0.521652203441557,-0.500062356310624,-0.476672056694624,0.099844460695369,0.53512668460492,-0.229818648689995,-0.875476001316983,0.796193635396461,-0.118984456199814,-0.159103972085377,-0.268806214525256,-0.256467376618427,1.17176401436914,3.01473876683727,0.53300064397736,0.421920674141648,-0.357429978505598
TS-552,1.94337666859812,1.98337470777549,-0.303384732070345,-0.55247019390404,1.4338205797505,1.78944638786043,-0.241521070426555,0.160942610831161,1.40722261764886,1.5159744973317,0.019039437352292,-0.327481293540558,0.462328699953816,0.464765869067279,-0.31427302779591,-0.420905023444796,0.018178922186266,-0.138617299326687,-0.669408434736471,-0.420541237431819,-0.065349938044937,-0.610025924747953,-0.747506325630289,-0.915227559470177,-1.00574310375929,-0.325977948884867,0.15604912950257,0.035252300986234,0.458134063910543,0.191255679417725,-0.333874509983892,0.0198326169242,0.47297310067566,1.54488376086479,-0.273354326320771,1.08024225255164,-0.175607084784646,-0.284835508725093,-0.132820979024155,0.783637656793851,-0.992552848749575,-0.033990418457369,-0.451091330990181,0.372634635232315,-1.04707928440149,-0.587671227296114,-0.305361578912051,0.137215444648158,-0.051939079619477,0.713209572471356,0.078235795345658,0.733500241385343,-0.908525392263749,-0.363958448172253,-0.897388960687612,-0.694463040420944,0.786051846176165,1.68769895938734,1.34632753163859,0.092634602919384,0.056521936231513,0.145587128646023,1.06137631560853,-0.553009755639091,-0.239479436300445,-0.215670732641345,-0.905286194396195,0.110601349851173,-0.67084882684288,0.086939224520284,-0.006387048242596,-0.23472221614161,1.89158469965738
TS-553,-0.114280339802114,-1.53748279573566,-0.30555394044318,-1.57870191750527,-0.920875907244527,-0.393475117760158,0.454415281791648,-0.332163266774064,-0.678944286665584,-0.706592341638457,-0.627736789418624,-0.782481944753111,-0.761238104300313,-0.52837859317595,-0.305042969930954,0.716024483544957,0.069875211498915,-0.70919210348063,0.022818763165307,0.077804511797994,-0.984779517599421,-1.03071508424815,-0.700769417977254,-0.659536058068383,-0.263950096372281,-0.346176440599877,-0.776951430248939,0.33895547032067,0.165979718760295,0.808405506730479,0.315187066468573,-1.15815573481215,-0.230448923899929,-0.273625870035874,-0.455762109269141,-0.860262296789578,0.203202198346404,-0.220242283558824,-0.430138172752134,-0.186374815837483,0.85660924810543,0.788194135851746,-0.318857158240209,1.19886669360376,0.473984403702291,-0.112954181536342,-0.800512532789205,-0.152058472358957,-0.185072900416316,-0.687265484844559,-0.345371903225023,1.06103658286564,2.93814088095765,-0.064681915246926,-0.686646442442841,-0.331111974839309,-0.523738014063034,-0.214610111493365,-0.744325906163146,-0.278816832006234,-0.778465099948428,-1.11302744712858,0.048362767643558,-0.488608792697601,-0.344236875864813,-0.112398601704714,-0.556245311618962,-0.541338224525481,-0.685163499757146,-0.617980769813166,0.24820281219262,-0.559941543199678,-0.36218383345281
TS-554,-1.1813144706208,-1.47498415482257,0.737200250144426,-0.404065781008519,-0.468258145329896,-1.31515308679997,1.03697027155375,-0.242507652399131,-1.51579920123035,-1.49536758266435,-0.48428856917482,-0.696566023199751,-0.648426748321397,-0.084968038458396,-0.475533585188664,0.050116962837443,-0.486887549570704,-0.646709955721947,1.12483692852645,0.212457328257288,-1.01913662279969,-0.268079195427498,0.204662753100098,0.700595339718353,-0.229547253398158,-0.23178988400288,-0.316979402211956,0.893956092129724,0.26921942763604,-0.509658725027119,0.116760430435394,-0.406196634642601,-0.570277212205297,0.170459571138491,0.390117014279895,-0.339706180588283,-0.300871200517872,-0.595006897279835,-0.414475584812204,-0.062898068969187,2.28597325690374,0.594549957676007,-0.147710933902873,0.72463235088017,0.91702593708698,-0.877950602923866,1.32373736787966,-0.359155964526275,-0.274923866401485,0.943211699259521,-0.483198968833381,-0.030444856801217,-0.046874068985132,-0.653766575524745,0.478517803579794,0.19992458453011,-0.406387965878787,-0.259304654351967,-0.666649573746555,-0.159744433870992,0.41881147494466,0.1503319652839,-0.032715864407824,-0.423994029145153,-0.33929908413657,1.60484353842632,0.296959130894769,2.99134061756825,-0.491987867132145,-0.513557556691773,-0.316863327193232,-0.21661876213018,-0.045245301504944
TS-555,0.159617431698749,-0.567650021159798,3.55617539769925,-0.147952856407449,1.8618569071526,-0.910908363213494,2.40827969451573,-0.046119163490821,-0.899737513476891,-0.842234600190572,-0.446055071311692,-0.203794293380591,0.228325526237084,-0.268000229939823,-0.07928876702929,-0.908352683444904,-0.673290116415875,-0.093882295329836,1.47938735468675,-0.124721931361421,0.899988077003797,0.709294145008783,0.520010286073133,0.404048709251997,-0.637171594913574,-0.228007219045879,0.847267356242763,-0.16149428417809,0.317354168088254,-1.09543188861561,-0.688269913440322,0.753786309299268,0.665056627593444,-0.395317375299196,-0.322544130556474,-0.227624968319206,-0.19929037031504,0.281131180237473,-0.26087040954055,-0.091545657747373,0.048437320700757,-0.454035837393234,0.826400609887494,0.127310606130587,-0.144352553337787,-0.947590129406732,-0.804998539451526,1.46326751002127,0.702669107095609,-0.602823406629392,0.048484789345757,0.880423644573656,0.408973545758075,1.34330723380559,0.21132489031369,0.59702543071046,-0.1660049213455,0.001968730979578,-0.102718728335634,0.014947124621422,-0.782058114931757,0.869967192899372,0.884452823756155,0.680886645383701,-0.279013021066268,-0.162742725590123,-0.192277107953643,-1.13908169855375,-0.146412775910734,0.763230291004209,-0.118531340899522,-0.128455145942833,1.02516527881243
TS-556,0.240979465730189,0.476032167793105,-0.820354185962606,-0.278211208093902,-0.130614812410538,-0.177878471174515,-1.18626898209841,0.743172046913782,0.054014064713156,-0.054427947076319,-0.329872646037275,-0.144642645849607,-0.22738109099897,0.167441733304157,0.916716110678179,0.432046819793972,-0.12788959720911,0.844884367579964,1.37679296005562,-0.053712943838179,-0.078946956786156,-0.053548642706698,-0.42303699289991,-0.031138749975702,-0.620467564706692,-0.231053060589777,-0.060406181066025,0.647160123133161,0.341038680187861,-0.141809741322854,0.040620877491673,0.734811804782233,0.089634222305701,0.314501711269651,-0.122032468737526,0.786846638269908,-0.082380001542654,-0.416296496311696,0.029462034128099,0.161457799073464,0.10477010124557,0.519042906045167,0.434686301309466,-0.069010916856728,0.56635907317564,0.705776629670342,0.928896067566096,0.859511248481568,0.189066774975363,1.22574658315908,-0.348188637035292,0.678142507685156,0.55563571405453,0.663475452989224,0.001693552362018,-0.159017788367147,-0.386189322058853,-0.372540619632079,-0.078642880933112,-0.185472453362431,-0.035760439115043,0.340858248734103,-0.294218952429929,0.401518143009389,-0.363007915030528,-0.188534230573878,-0.146039122724673,1.3866896180498,1.12203555944778,0.714390568738691,-0.067919419806503,0.539410586963759,-0.033595783457735
TS-557,0.255481651724051,-1.01266183954768,0.385057759144658,0.471927235821501,-0.066740042891548,0.576712218071213,-1.39173916031182,0.214309046640947,0.276031298866551,0.259963002427941,-0.032517276958716,-0.060914325292313,2.28309219670549,0.030334068707323,0.646879387159169,1.22192066722757,0.548429596831391,0.617595427687562,-0.577215611610015,0.167843879470544,0.814590313956423,0.256384395138463,-0.409525756275391,-0.473136752263417,-0.835550665358765,-0.341602763780754,0.135155799567859,0.472573740399255,0.313518186837759,0.993469314586591,-0.023190030576131,2.05472689907712,1.54955186168674,2.4025313350163,-0.433332481905827,0.572646917354016,-0.347243354704286,-0.294887435269804,-0.287791628351353,3.50913203050504,-0.647608742127625,1.16753146599088,0.233958146643576,1.56983593027502,0.059238464702409,0.153820118102654,-0.557850950413165,2.0510312311898,0.773068748321577,0.352148471607458,2.31781575945794,2.17041725241336,-0.303219107701311,0.428939000518384,-0.474438127307736,-0.362982352632915,0.137486109411554,2.14343895798828,2.02578516433407,0.413467333360649,-0.447764297967698,0.568388639927602,2.07056533242778,-0.324997282481899,0.008929817548638,0.499186970761144,-0.281415198243162,-0.060091668700162,0.081422153883021,1.97206201075572,1.37319876821689,1.70437485425057,1.59313827624419
TS-558,0.176736042417553,-1.37416472136649,-0.570679416608187,-1.50533017049948,-1.01434153323413,-0.199437650593884,0.26692366411928,-0.605399420567762,-0.77296176113093,-0.393860946215847,-0.402605597325074,-0.768175602811448,-0.204584308580207,-0.920094260534383,-1.04638855700574,-0.385536432486614,-0.443330734877336,-0.901965840812849,-0.030816951837278,-0.307954438058163,-0.770556547150396,-0.664447487510601,-0.014797860716367,-0.196494147238892,1.25072664516729,-0.334871891226969,-0.355141190908234,2.63168759077017,0.416308056938514,-0.201505129881546,-0.174784216958273,-1.06111563027234,-0.085470399910436,-1.22381687759571,-0.238757612697138,-0.379279908409396,-0.133949598883155,-0.73993524388383,-0.498201408670278,-1.06392620564698,1.62006163395943,1.40034469512936,-1.14199038195491,-0.354200069527801,-0.925654126942871,-1.12630184571275,0.215648094608741,-1.21142793568604,0.762704220963143,-0.21712323192173,-0.368120481359275,-0.798820159430912,-0.796797405276371,-0.964802731284065,-0.523685741142667,0.067231236292173,0.390419372264758,-0.446794141798734,-0.473775707354091,-0.236504879689797,-0.638595586180687,-1.38581713326946,-0.49626395021978,-0.583029799876529,-0.511037309977809,-0.394847514922996,-0.404600859447251,0.97876644280614,-0.645624711740886,-1.10817962475209,-0.708450894951071,-1.11531573057353,-0.225440119685708
TS-559,0.52466429705458,-0.166929427651601,-0.358806687037095,0.134690590798893,0.052128505133484,-0.361135539899112,0.312687821424066,-0.334489200940801,-0.350648560924246,-0.419154212514212,-0.37517956826654,0.309054697002969,0.84985758515387,-0.100044754062095,-0.278748575529867,-0.303262590460952,-0.351217151768449,-0.050309154197514,0.082138370710882,-0.132624218891212,0.316551158298566,2.23724539718112,1.58172392445329,0.92235485696182,1.41678359726917,0.369405178726487,0.417883145188418,0.247158804097895,-0.005668444947676,-0.470884802209406,-0.512440530138167,-0.268427125459854,0.046150249208792,-0.224941235799351,-0.186516492213703,0.432760336962151,-0.721349760605362,0.259195085076713,0.044546811019893,-0.116256283640615,0.194824645445501,0.060263274642725,0.096262079858528,1.1415775362774,-0.393341314022442,-0.206468855337212,0.596818814950026,-0.130466852785487,-0.195829343047344,0.500814759884035,0.027941511809887,1.0067849442769,-0.537691456575115,-0.045013895109897,0.767225635431311,-0.203414402689152,0.299130987706194,-0.297728468472158,0.546699798904937,0.299513703742388,1.88822108893029,0.533018413361467,-0.463062302580991,-0.241543277389814,0.714181140421218,0.00239017318845,-0.047269435714655,0.288437021018218,-0.226298017665627,-0.055471848097968,0.272391514683526,-0.203622427016425,1.10590237102967
TS-560,0.95049724690749,-0.274548225310001,0.450937424166314,0.11666099048859,0.140233836559942,0.059278972617878,-1.43923331416985,-1.08783200984551,0.329085498062781,0.205215476024361,-0.196450987789541,-0.35349426840155,0.951591598811084,0.373698047745486,0.563657090317509,0.978749650369161,0.097976707008511,0.184005844370933,-0.60389681874901,0.194437568755616,0.241981109968982,-0.738211874467642,-0.912448546720992,-0.883642900132768,-1.16178060982678,-0.328439071560958,-0.404482356085646,1.66227737111722,0.014455746606419,0.571031234202024,-0.057443414504037,0.480762800639057,2.22136416620704,1.74427014375152,-0.388681751868373,-0.642545356184469,0.003089507235612,-0.675168770708138,-0.407272356644052,1.25645934829442,-1.01570058790754,0.889995027056367,0.007454065107084,0.161932430818922,-0.315632712804464,0.914223966767216,-0.804206591994437,2.55780005321276,0.76970160991806,-0.723049823934348,0.336182395182293,1.04006987411861,-0.892635612160935,0.072590668815875,-1.0017418458652,-0.707820148970458,0.183639379679654,2.92865773040972,0.691782675753771,-0.098739489048764,-0.739135475900746,0.874539297833537,1.79757730603467,0.099514547213485,-0.40622474287291,-0.068937425592059,-0.571762904580953,-1.23437712098451,-0.507372939737046,0.584901065786453,-0.170317444943894,-0.043159435620157,0.676672301138609
TS-562,0.226380013502084,0.204554712707584,0.030262828218621,0.780215025283772,0.551338265364312,0.140127916947097,-0.256697032705561,1.31579230063638,0.213939934745062,0.186939131261751,-0.370444338831309,1.40455241737842,0.008140659100122,-0.002365462422559,0.814159424642239,-0.063227746349231,-0.052081090672052,1.1677368851786,-0.595453643010103,-0.486539614415544,1.23698936965758,0.357660070111965,0.989030961991569,0.369295587789654,-0.012378323105795,1.10588543845197,0.604327655316098,-0.610173587852132,1.09024456278562,-0.310641350330451,-0.489699953941301,1.14133634724249,0.307816784109974,0.259897714886175,-0.230656315461242,0.482182199585929,-0.622252913642829,0.722254289023528,0.608392285399335,0.814488385133505,-0.068538080956738,-0.476286276768434,0.67258357253716,-0.324061943269604,0.536662236926384,0.27677563108682,-0.436779839525122,0.664964516316343,0.270667424755286,-0.259995272268138,-0.040202230809423,-0.155630961185472,0.503521504518847,1.0773714810542,0.52070683462165,0.221333682238674,-0.303208282013789,-0.186100942854947,0.503436204065025,0.011679513749103,0.220695105558152,1.58158756204951,0.583903549967797,0.319358859713202,0.37996534972627,-0.398860046985176,1.4058964641102,-0.151392744144469,1.16254536038074,1.42133357030829,0.512925216659162,0.838934346507119,0.904514372196898
TS-563,-1.2064477036618,-0.816051543942313,0.679210460727079,-0.442509847896222,-0.321871210211246,-1.00792709679663,-0.633584547309956,1.7128385891219,-0.59098600758668,-0.658569394449731,-0.737920178841012,-0.787019367141391,-0.64048173464026,-0.452734773892412,-0.030381838989708,-0.530649750068212,-0.303049616270083,0.242508759805114,-0.28960113418212,0.248135980768391,-1.02481305749941,-0.398704527932973,-0.298123776832554,0.112549831196072,-0.824642693065787,-0.358396387657443,-0.460173546371449,-0.75156846820121,-0.540295746641713,-0.819828802504599,-0.535777523801134,-0.073200067781632,-0.933202301035609,0.050913310216158,-0.294948675155455,-0.836766208465294,-1.36050617146939,-0.703229217071152,-0.497081388227978,0.642512249001917,0.218880679874971,-0.415878530467157,1.35409427883164,0.508508940451882,1.14623667662181,-0.089524092936877,1.83934490579238,-0.707998932740772,-0.357957780186001,-0.019200634164394,-0.42717898103846,0.001929032046062,0.215180053408397,0.430634017980658,-0.163460831268754,0.179304522393631,-0.743578042818544,0.107108728676524,-0.695912360929392,-0.425353913416502,-0.329245902700123,-0.24563633861394,0.059602222215371,-0.157585453101357,-0.25792372320547,-0.507427054870393,0.041673885878018,2.08241413611629,-0.262781978810189,-0.016992853103157,1.11607367311904,0.270330808149984,-0.199423873145913
TS-564,1.57532653814383,1.01627787163583,-0.197977267455953,0.068549380138862,1.5490906864721,1.37226583345294,-0.052921968648262,0.151977049685049,0.940985973549676,1.14474671932798,0.029365769479027,-0.380776107846913,0.486737836668606,0.831603764448825,0.216398514522106,0.848744579183859,1.19128369696522,0.326830115682127,-0.531451742697292,-0.36601389177292,-0.336904759432624,0.424503048684938,-0.481756526270879,-0.498758928059376,-0.697455531804308,-0.212718761218711,1.26197046708595,0.268829514903689,0.525404161802907,1.12575843749108,-0.062087360062271,0.140582460984098,0.098179609385536,1.78462666759771,-0.264347259183243,2.14870720900968,-0.583958652591848,-0.22995517155023,-0.081508971853416,2.47182641291702,-0.769998629030637,0.811808153645881,0.342746968351924,1.83463361582588,-0.489615275080831,-0.006724919582379,-0.351202086068785,0.181556459629412,-0.014206756555912,-0.179654827001459,0.344540280019138,0.756706846403235,-0.630697976026171,-0.30419205047117,-0.642710248975459,-0.162721840190088,0.9402742647843,2.9474871772208,1.94384662446831,0.834800248128441,0.988256190928009,0.461696139113854,0.956222458893097,0.065292708936865,0.198334153633494,-0.032778569240304,-0.666242589532146,-0.621889092444591,-0.498965728444116,1.5562786134161,0.93816285455476,1.95765714736763,2.5622514624819
TS-565,0.183583486705074,-0.685910746136691,-0.233157009209435,-0.132911648331427,-0.962055762811331,0.253316439784152,-0.519326073077142,-0.882904893771782,0.554018287598998,0.474503001017113,-0.231179017025367,1.01832947411664,0.000548732978182,-0.011862549844228,0.026465893073949,0.223928523209828,0.417676176994305,0.523273642318063,0.845736795802901,-0.360114794206227,0.717454326520027,-0.149281583420957,-0.495372893706195,-0.43594952299636,-0.868006390901301,0.540624615397534,-0.111911408030604,-0.144127640595341,-0.071798561967077,-0.12721208199485,-0.470813007863009,1.21740784172824,1.73968484023179,-0.706880647606596,-0.070219916794508,1.2140245685692,-0.885286268142377,0.571088831318745,0.385995764326281,-0.376906167032715,-0.256291482195198,-0.078031288463351,0.150162149381208,-0.053356758661266,-0.40555850714546,0.204004760227116,0.189624126948017,0.36502540049135,4.13659692641968,0.690494046113164,-0.308753749664062,-0.221585121763565,-0.621630294369876,0.047203924798382,-0.529464067034425,-0.432254850473223,-0.240091589396789,-0.047012978011477,-0.07338920979278,-0.135348474926337,1.84631624544642,0.452078432643293,-0.918742461080911,-0.123269172916479,0.287650466258502,-0.316502675434291,-0.530748301645854,0.490099359810785,1.0766753531171,-0.014759615708854,0.007821226914004,0.311342244473009,0.796463057926673
TS-566,-1.18285742304546,0.351211708322896,-0.507049303372119,-1.35247236473879,-0.508527561533551,-0.134758494548397,-1.36111050215441,1.16802267908392,0.413820632862632,0.281811939908209,0.567153303260705,0.291846588965195,-0.793307767673831,-0.310450723399061,0.134381792908263,-0.781507838120214,-0.056928175129018,0.21294062931385,-0.440092896907089,-0.569476533300593,-1.10880418458098,-1.04991563583425,-0.900839881326289,-0.833717791388224,-1.13705396236878,0.124848850232767,-0.972351680567513,-0.808128959358462,-0.71591221810682,-0.720568939910657,-0.196636262691358,-0.594067967858448,-1.51197248407361,-0.521360021512282,-0.071760010738834,0.202344868303497,0.111479348465341,-0.538123649544458,0.455011009886136,0.730731011718916,-0.574698295525726,-1.02383367278778,-0.38911847830514,-0.78904261366166,-0.588976230711134,0.071563591277149,-0.816277190228028,-1.55349077638813,-0.758973557915112,-0.766566193653444,-0.545288584823184,-1.13162175346914,-0.794049123216564,-0.580724902040277,-0.863473723848759,-0.71562936530766,-0.943214306387442,-0.496003812614104,-0.728906794967567,-0.423927923010838,-0.769931221365522,-1.96996335226089,-1.30747387501711,-0.677567988562526,-0.258904355478827,-0.437901251061785,-0.348041178502939,-0.832030129290823,0.806799652534607,-0.313248665274375,-0.122704658478346,-0.249909333507981,-0.885351649580324
TS-567,-0.072837404664764,0.116131444404051,0.13707216900255,0.116183922642685,-0.047589967560147,-0.123978096591813,0.933235594352156,-0.505702291538184,-0.25347927952752,-0.144551707607666,-0.042087063287482,0.04024139924955,1.66058916229735,0.043231767241005,1.49500019723632,1.23002779637913,0.389248936037311,1.13974708725632,-0.207741025856462,-0.017394452821067,0.820117887718204,1.39005211430761,1.26519126914113,1.60112077882989,0.532409388470414,0.065783865646016,3.4995430613823,1.27455843135151,1.34785881330937,0.777957524813879,-0.232870191231717,-0.249222559387396,0.014875847250502,0.63151633698732,0.861043119425552,0.191846234083903,-0.008903019135791,0.05522200176098,-0.193096771114404,0.737591647205586,1.46020387946647,1.43448420727497,0.829346544688682,0.100973248418082,1.38293721858549,1.0027082321484,0.507361902456315,0.462181732321041,0.179636993757733,0.996330429358659,0.597409975052449,-0.21804072321258,0.214295570432949,-0.002220295365445,1.50765441389895,3.71885089849905,2.39106146124288,0.145667626579988,1.07922972664538,0.01874098664869,0.19738035168193,0.652854478304369,-0.03151572910589,0.220951262187676,0.139390190621673,0.331783060583663,1.88921951884955,0.393634179834392,1.46559402272475,0.710392700529061,1.19922256494666,1.69900483607542,1.92134071226848
TS-568,0.12195648811738,0.385455821690502,1.45461410872713,-0.455044187959574,1.08135021230126,-0.199437650593884,-0.044936046211528,3.14732840746559,-0.27864436989245,-0.249965901591584,-0.477599081791906,-0.610191741903058,0.110117073505415,-0.393937788291668,-0.410800946381085,-0.397718733353944,-0.17906872742622,0.339163337620886,0.906364231268709,-0.109691078953283,0.39052742881599,1.04095699902608,0.361096545411912,1.19895158994154,0.193187210986281,-0.240469702495284,1.1812290652952,0.04805153164113,-0.231860792807851,-0.852576286590391,-0.365048810704249,-0.304850245559814,-1.55471750940317,-1.28471068995212,0.044973113067048,0.440940714701805,-1.19738271403158,-0.039297889594205,-0.418019742519976,-0.812131245239023,0.210728793225949,0.418251241852381,0.33085892784343,1.85100582631303,0.154451353546474,-0.255038535958427,2.18704951944886,-1.66691752150797,-0.793472888911565,-0.023232083664935,0.022035338111645,0.188299541632666,-0.834806847441277,-0.567718632765596,1.49232230833435,1.07190726613748,0.065906794111079,0.099472414092187,-0.148296872042476,0.183320472461242,-0.500350536297379,0.74577862319712,-0.049298654244812,-0.461395976124552,-0.338462597936293,-0.463081121723315,-0.171152565358411,0.420621827681683,-0.213242620666191,0.139038647993644,0.543078356157857,0.574032377660654,1.07320892250393
TS-569,-1.33398135351689,-1.455842179684,-1.89268940027745,-1.05019160034461,-1.60766819114702,-0.878568785675844,-2.28713874543152,0.867514233132429,-0.894946899024553,-0.711751477874587,-0.584991680343365,-0.268071474870161,-0.742341998017914,-0.861954605432627,-0.844332344170799,-0.447962266701455,-0.662706750447283,-0.879878728760011,-0.191777252973411,0.016206598886934,-0.807602174034014,0.84479649886993,0.890155460706496,0.572664794653657,0.817145269114051,-0.119203179403726,-0.682591635107048,-0.888112118875971,-0.635717180831923,-0.997369408461806,-0.687474460166569,-0.383759631021314,-0.676212047569132,-0.627970583532287,-0.333323215137509,-0.168617983480837,-0.452022430753245,-0.415229621504257,-0.233306111445406,-0.775823819468831,-0.335208429014304,-1.11509190854068,-0.703986193065969,-0.584370950988661,-0.973453755458079,-0.756737278932732,0.005848128168933,-0.728250893130637,-0.520734361201285,0.075132137587624,-0.465997408523467,-0.203423806785862,-0.555860993959735,-0.33609449448588,0.875799901942061,-0.549142850036993,-0.607076712528483,-0.351460457747671,-0.731757599905629,0.185635211282788,-0.539910466827205,-0.787101291676677,-0.496902681221886,1.65231180770591,0.010524589049674,-0.00745199318607,-0.43571922107179,0.679104379394865,-0.472251680161242,-0.815697597238146,-0.453981936432096,-0.939132563482546,-0.629916533396497
TS-630,-0.728838464607174,-1.08119316934713,0.271217700143872,-0.403653393699831,-0.639709315551429,-0.684531318509569,-0.385148602684784,-0.332163266774064,-0.026150261064479,-0.391810527069535,-0.320975985466465,0.892270012671206,-0.287737310245257,-0.34213337661464,-0.787029104263265,-0.777367411400682,-0.440503786564763,-0.600223177691563,0.111512267582216,-0.319430120632457,0.150215558225838,0.620101867181542,1.37083123786274,1.08638590840515,1.3080423353461,0.617319125208709,-0.188418951562356,-0.18651549019584,-0.961592738771289,-0.713875885994155,-0.694625340531346,0.03679170021809,-0.316893507513925,-0.819121769883659,-0.196994177837275,-0.579142530637288,-1.00132170472565,0.364680929207426,0.068548978342523,-0.513586394398554,-0.361064826745448,-0.771040097125981,-0.192699124839023,0.082784449556469,-0.440909976936146,-0.662070661034699,-0.626146399164929,-0.516729495594333,-0.407746887771795,-0.279776403219067,-0.14663394381409,1.349653067056,0.292519340438227,0.489489724889241,0.971787142612026,-0.078691656850434,0.114960641084814,-0.338308451156827,-0.429699452830553,-0.234894259219429,1.37422809319569,-0.372256155666646,-1.01621570305422,0.564562372807922,0.329910009385479,-0.54726823299922,0.132100027091365,-0.80051096067984,-0.538740894324372,-0.387475308298641,-0.274296169978816,-0.575305596173893,-0.313545171610035
TS-635,0.374729893991237,-0.542948952674176,0.097067732410771,0.16177741223417,-0.202445782775606,-0.539001601317668,-0.279036424489814,-0.522260704088242,-0.479499979882867,-0.632937779276252,-0.357781473946286,0.350130690155888,-0.119715257998231,-0.717715718150082,-0.413841472137026,-0.389641303039074,-0.480207449515259,-0.570887000192153,-0.510344437046292,-0.038873909141169,-0.635045745322392,-0.307946207326728,-0.073500235465012,-0.365619134597578,0.032409652665255,-0.357065345949388,-0.439607404362585,-0.297799019543065,-0.408553457301907,0.311857322672637,-0.472414987213331,-0.604929426536365,0.447263285414271,-1.00604402706457,-0.221426123956868,-0.571692710591066,1.14141007233109,-0.685473587577414,-0.045045135167515,-0.965540342139505,-0.403317252884524,-0.320335257157894,-0.967728197593639,-0.619986119714682,-0.538372543786185,-0.265830011031151,-0.187503225789625,-0.343422710035004,-0.232516617120314,-0.38874124121469,-0.209876284509409,-0.731360267625396,-0.314086091525377,-0.739382441066017,-0.49676249733299,-0.239128309443467,-0.190104156269358,-0.240062147422973,-0.352706940830644,-0.437380301140079,-0.132976589402269,-0.492553977716267,-0.348070205868905,-0.521852005729184,-0.271856813260263,-0.513057323590409,-0.363834107398435,0.262816332697687,-0.542063665733063,-0.927991007745189,-0.715418504914144,-1.02032843833774,-0.706229355180964
TS-640,-0.373148351182086,-0.271059440322609,-0.105693095552232,-0.375862279645798,-0.82580835165674,-0.770771270791622,-0.41469316686166,-0.388157487776539,-0.622884478357818,-0.538765826706846,-0.29339328280269,-0.571078198988974,-0.465350644408698,-0.344093878313311,-0.405463401170203,-0.615538669102775,-0.47107529449329,-0.169947188252629,-0.424228498945298,0.169856313973086,0.332845172542075,-0.531381638866399,-0.157316085655147,0.098349608800705,-0.20032167773721,-0.350108845481402,-0.544773018093303,-0.528983971970422,-0.663394852914135,-0.431752982324341,-0.228276545538178,-0.168021446581514,0.572026957899201,-0.686035799438248,0.104092500549073,-0.511962101764059,0.797852679757212,0.125912340700082,-0.369762627574487,-0.441951861239141,0.456254750428692,-0.790314721882468,-0.14201525188251,-0.605839511659507,0.667172576877323,0.532546912888277,-0.038760170928701,0.327258115114659,0.190753590378783,-0.237330402417086,-0.30514315474096,-0.291175812646442,1.07683969872601,0.427819423724946,-0.221667299366576,-0.131448193470502,-0.237752986577721,-0.395885411780676,-0.57250323927583,-0.394521219933249,1.07918258075802,-0.604983717543879,-0.187494253840658,-0.094362401378321,-0.307331973990305,-0.335449181559212,0.780690027055598,0.148644813477167,-0.182265844701705,-0.203570036365873,-0.235870963228797,-0.676357432189064,-0.827466797305087
TS-650,-0.638674741951234,0.256611031829833,1.55192364316961,0.151116497504131,0.770995954547815,0.156300939835405,0.012586392054198,-0.178610416359751,0.539228965260668,0.394339639326789,-0.362329327379904,-0.417420164647523,-0.637014476985275,5.54246220030494,3.23405253258147,2.1050285595486,0.888039134531076,2.96394634758271,6.20090936339302,-0.248724393201862,-0.771250011662316,-0.105207287890666,-0.422563127880039,-0.251269961193245,-0.486297238709013,-0.343389846704815,0.017052365333944,0.640646312858378,0.582340815089094,2.81532564909723,1.03945881727541,3.56049365916915,1.02123490557634,-0.166852306558272,0.189855398567881,-0.337544732205373,1.59297646104514,-0.692498939277518,-0.118531217607565,0.87710069753923,1.01961073789231,1.61459315167369,2.07318726999541,-0.114362682459518,2.16948053349339,2.06246932224529,-0.237669479722368,2.22308603711536,0.813849458766419,1.32722204563842,-0.303107747709987,0.275636571548874,2.67338492859264,2.98551245166053,1.48219931607624,-0.000916730112505,-0.4979344744084,3.17172042487314,-0.485108094449916,-0.364918659678211,2.82573408731753,0.339293638175329,0.628725778712931,-0.292008994867635,0.39147345897793,-0.026815517736688,2.84476897712231,0.68182640586788,2.73710156844929,2.48917376968223,0.45577685025561,1.15386212038602,-0.334030098332746
TS-656,-0.242669920193143,-0.948352354989522,-0.545492497329084,-0.968952130557007,-0.868507667977164,-0.167098073056234,0.078239523766968,-0.396202990911329,-0.251251648342784,-0.254953064704514,-0.497897572199919,-0.780093006200417,-0.740824040947479,-0.507526541330021,-0.309446119158825,0.269022324020097,-0.148561623965063,-0.613559597337522,1.19142954442158,0.425262314350271,-0.598189427755415,-0.760891002812183,-0.616617780650984,-0.31485332636703,-0.262071719191189,-0.352371080159804,-0.689610737753562,-0.499745883486051,-0.317915148220356,0.803661102144147,-0.578559940079788,-0.77802960842457,-0.148835647706312,0.425081093665392,-0.415452350059503,-0.62922782875539,-0.53529717231468,-0.615143193522827,-0.479885657713317,-0.171782504787758,1.25347626952636,-0.213857010725125,0.173527360171954,0.547368077680928,1.22510436208912,0.004338264551038,0.797101581505507,-0.415478392644507,-0.122362633356857,-0.076151679278564,-0.350480235070513,0.959925239404724,1.53007375305197,0.283555999249069,0.189539832489085,-0.351578710357677,-0.468809787101883,-0.451420252507242,-0.767531758149176,-0.381938133281433,-0.217178502990564,-0.894634682680578,-0.377156888806216,-0.372731570958038,-0.557534341967903,-0.182057044265338,-0.409743326437879,1.11943274171666,-0.609340792324941,-0.610821768602444,0.043691559537775,-0.379700979544247,-0.008399467797228
TS-658,0.803277194725776,0.95672248118182,-1.39889420032122,-0.438221784981981,0.585135999571457,1.77327659860651,0.706568087938567,-1.01952297212553,1.43202342589415,1.61627734207377,-0.207461426155492,0.849668399520726,0.087270776976552,-0.34770772137639,-0.69780089127947,-1.38346876549901,-0.258864416850451,-0.460672045558538,-0.652044928971754,-0.647471178178534,3.71791971109331,-0.506330579093581,-0.733177449212706,-0.921642395747798,-0.43648954749763,0.237447086462722,0.248075654688358,-0.735050728117515,-1.07656756056153,-1.06739899760037,-0.637103154793261,-0.755379255423428,-1.63108506892761,-1.46170450718171,-0.381903863798424,-0.243937374588512,-0.940266580752421,4.118508465046,1.86520626320184,-0.97621852126853,-1.25267250285538,-1.23923701539866,-0.373601240047053,-0.590618192063688,-1.29900976959606,-0.699204163885575,-0.715634989731621,-1.71603331918559,-0.807302376862383,-0.738957297606489,0.495583826959683,-0.783417640468557,-1.17370555800362,-0.484053830457387,-0.656164346103171,-0.696936539206092,0.094741756933737,-0.715003237686119,1.67182429175437,-0.101729729993211,-0.652409291788307,-0.953287003324281,0.183687522730338,-0.689483538339949,-0.006381764896385,-0.647586259923284,-1.08078291369965,-0.720844811458291,-0.595710937015254,-0.521249572145807,-0.656924940259288,-0.297394857968066,0.635794178540301
TS-661,0.906844789574542,0.503274725678888,0.296080042702685,0.664833785268596,0.876525542847228,0.20480707250749,-0.199364412743615,0.863244916635916,0.084565751066614,0.061151987802383,-0.47379247479339,-0.525770868508455,0.098062951418003,0.925982592043666,0.725426494211586,-0.023691424406998,0.65806902002818,2.39067053868491,-0.551556777146417,-0.129200151147047,-0.158851315958851,0.245338327069595,-0.430511016824396,-0.370916442281107,-0.748867858965193,-0.32300783641905,0.759939221872399,0.150926096496829,0.152033593011121,0.092978200490842,-0.333015674459541,0.250306570808928,-0.646549999828508,1.68504771628537,-0.393804075816044,-0.039623777021554,-0.655351628882069,-0.31081839438371,-0.393752940660953,3.03750152516867,-0.208828188334141,0.092147318082708,0.799091780019743,0.74710982097897,0.382339044343169,0.41281024013576,0.872523816704555,-0.35181727107344,-0.171299394936752,0.022052701298169,0.138572679777749,0.508502490997418,0.105402669676473,0.733472502996862,-0.371553537350966,0.266175604737545,0.093724346320965,0.351202934303155,0.204332012877187,0.801067099307621,-0.376599220830183,1.2416613421127,0.483328211830324,-0.148534657335104,-0.418027763756321,-0.244507619722445,-0.165769166068148,0.268548254616998,1.82858324818067,1.97512852981193,2.09847246939546,1.61836618935149,0.53089447755209
